id;gender;phone;address_line_1;address_line_2;city;country
1;OTHER;394-425-2124;469 Thierer Court;1468 Mayfield Circle;Krasnodar;Russia
2;FEMALE;123-390-9292;6001 Monument Way;1195 Acker Road;Genengan Kulon;Indonesia
3;MALE;909-518-4765;5 Myrtle Way;08 Blaine Avenue;Tabatinga;Brazil
4;FEMALE;756-913-0228;08 Fair Oaks Crossing;4570 Monument Place;Gustavsberg;Sweden
5;FEMALE;620-450-5811;99045 Forest Trail;320 Anderson Road;Bang Ban;Thailand
6;MALE;310-188-3956;3789 Mcbride Alley;8138 Debs Park;Taishang;China
7;OTHER;465-746-3929;52 Bluejay Pass;22100 Thackeray Terrace;Benevides;Brazil
8;OTHER;651-342-5417;63 Monterey Hill;50793 Harbort Lane;Krasnogorskoye;Russia
9;OTHER;613-707-9880;2370 Oak Valley Crossing;28587 Fieldstone Avenue;Kopparberg;Sweden
10;MALE;461-651-4585;64 Birchwood Junction;33230 Dayton Point;Veiga;Portugal
11;FEMALE;872-964-0440;753 Mallard Point;7900 Merry Alley;Bungu;Tanzania
12;OTHER;658-201-9709;49585 Gale Alley;71183 Comanche Crossing;Sugihan;Indonesia
13;MALE;578-785-0724;51119 Transport Drive;943 Reinke Junction;Yinping;China
14;MALE;418-844-1573;00397 Kenwood Park;96 Lakeland Road;Sabaneta;Venezuela
15;OTHER;435-260-1036;73280 Cordelia Drive;3927 Myrtle Center;Kendaruan;Indonesia
16;FEMALE;974-113-1814;0932 Fremont Pass;0 Charing Cross Street;Lanipao;Philippines
17;OTHER;274-838-0942;20979 Beilfuss Place;63416 Emmet Alley;Dmanisi;Georgia
18;FEMALE;937-103-0830;7 Paget Alley;49320 Maple Wood Court;Botucatu;Brazil
19;OTHER;149-823-6484;32 Mcbride Hill;74130 Anderson Center;Mýki;Greece
20;MALE;618-188-2979;54 Kennedy Road;5852 Shopko Terrace;Boljevci;Serbia
21;MALE;744-274-1975;4449 Montana Center;66 Russell Place;Krasnokuts’k;Ukraine
22;MALE;181-240-0106;138 Del Mar Plaza;92 Summer Ridge Court;Ciengang;Indonesia
23;OTHER;252-644-5479;8133 Cordelia Circle;64 Havey Junction;Bergen;Norway
24;MALE;932-634-4961;5202 Alpine Place;238 Karstens Lane;Novouzensk;Russia
25;FEMALE;703-135-9051;6 Hansons Crossing;196 New Castle Trail;Karangtengah;Indonesia
26;FEMALE;566-871-0805;164 Shopko Park;4932 Miller Circle;Sepanjang;Indonesia
27;MALE;767-741-1376;9 Hermina Center;2 Spenser Crossing;José de Freitas;Brazil
28;FEMALE;823-516-2672;40360 Green Ridge Lane;7638 Farmco Street;Zhongluotan;China
29;OTHER;681-758-9883;1222 Corscot Crossing;7 Blaine Parkway;Muravlenko;Russia
30;OTHER;874-958-4839;335 Mosinee Court;806 Blue Bill Park Point;Firminy;France
31;OTHER;815-569-0652;7 Grayhawk Plaza;7873 Oakridge Trail;Jiuhe;China
32;OTHER;508-589-8520;52355 Judy Trail;320 Reindahl Junction;Cholargós;Greece
33;FEMALE;650-161-7509;1877 Mandrake Crossing;9 Scoville Lane;San Martín Zapotitlán;Guatemala
34;OTHER;548-153-2391;91 Duke Point;4 Warrior Crossing;Wubao;China
35;FEMALE;720-371-7229;71983 Sutteridge Trail;24227 Clove Road;Denver;United States
36;MALE;772-104-2102;5330 Menomonie Hill;21 Canary Parkway;Xinjiezi;China
37;FEMALE;641-971-9918;010 Hanover Park;4188 Boyd Street;Kalávryta;Greece
38;FEMALE;362-646-3141;8 Mesta Court;6778 Stang Plaza;Pinrang;Indonesia
39;FEMALE;397-568-8586;157 Florence Pass;7562 Oak Valley Crossing;Madīnat Ḩamad;Bahrain
40;FEMALE;420-491-5820;998 Mallory Drive;83 Fair Oaks Center;Marovoay;Madagascar
41;FEMALE;152-157-1303;57981 Homewood Road;5068 Hudson Street;Taokeng;China
42;FEMALE;171-459-5922;988 Dryden Crossing;0 Almo Park;Kampot;Cambodia
43;OTHER;563-128-8561;7 Jay Lane;13971 Sutherland Point;San Carlos de Bariloche;Argentina
44;FEMALE;629-565-7037;71 Monument Junction;3 Manley Lane;San Diego;Honduras
45;FEMALE;245-289-9182;51 Sachs Trail;6286 Wayridge Street;Dazhan;China
46;OTHER;971-666-4133;7 Cordelia Junction;68 Pond Road;Svetlanovskiy;Russia
47;MALE;171-199-0980;0 Fulton Avenue;223 Farmco Crossing;Daying;China
48;OTHER;250-660-8819;05 Goodland Avenue;7948 Fairview Plaza;Ágios Athanásios;Greece
49;MALE;238-170-9492;876 Harbort Trail;1336 Packers Alley;Belomorsk;Russia
50;FEMALE;935-673-0874;7 Karstens Parkway;1402 Fairfield Court;Nu’erbage;China
51;OTHER;666-983-8136;583 Old Gate Street;5441 Kenwood Place;Viļāni;Latvia
52;OTHER;703-516-4804;061 Hauk Alley;0 East Center;Yangirabot;Uzbekistan
53;FEMALE;519-930-7594;47 Rutledge Place;006 Cottonwood Street;Benevides;Brazil
54;FEMALE;132-706-4836;78 Southridge Center;223 Florence Way;Losari;Indonesia
55;FEMALE;283-321-0607;8 Elmside Pass;629 Delaware Point;Nangka;Indonesia
56;OTHER;161-948-0911;5 Merrick Hill;70 Schmedeman Junction;Gowa;Indonesia
57;MALE;304-672-6365;1 Crownhardt Park;5 Oak Circle;Mizhuang;China
58;FEMALE;913-622-4510;6146 Waywood Terrace;8 Sloan Way;Kansas City;United States
59;MALE;213-871-3032;1 Carberry Place;0473 Erie Park;Toupi;China
60;FEMALE;326-200-6978;71 Mallard Junction;94184 Glacier Hill Avenue;Sidoaji;Indonesia
61;FEMALE;234-805-0194;37707 Ohio Junction;8435 Lotheville Place;Vale de Madeiros;Portugal
62;FEMALE;505-150-3075;1 Rusk Park;8114 Weeping Birch Alley;Linköping;Sweden
63;FEMALE;713-683-7209;9271 Troy Alley;24 Northridge Parkway;Chantal;Haiti
64;MALE;173-343-6815;5 Forest Dale Pass;365 Northwestern Street;Yuexi;China
65;OTHER;183-410-2548;13801 New Castle Court;2121 Melrose Terrace;Kroczyce;Poland
66;MALE;633-851-6320;38 5th Park;264 Tennyson Parkway;Cieplice Śląskie Zdrój;Poland
67;OTHER;923-670-5868;53 4th Terrace;94746 Forest Plaza;Malicboy;Philippines
68;FEMALE;882-240-4458;896 Namekagon Circle;88176 Buell Hill;Brikama;Gambia
69;FEMALE;810-326-6322;3 Fisk Pass;287 Everett Park;Zhili;China
70;OTHER;921-556-6201;23 Morningstar Court;006 Linden Parkway;Garbolovo;Russia
71;MALE;632-274-2247;3175 Arapahoe Lane;8 Meadow Valley Street;Yamagata-shi;Japan
72;MALE;334-372-8477;973 Schmedeman Court;9 Stang Street;Montgomery;United States
73;FEMALE;946-226-7882;9118 Donald Lane;5 Autumn Leaf Lane;Esmeralda;Cuba
74;MALE;826-430-8410;6 Ruskin Park;74 Loomis Street;Vukovije Donje;Bosnia and Herzegovina
75;OTHER;821-353-3572;36 Scoville Pass;6547 5th Trail;Zaliznychne;Ukraine
76;FEMALE;713-539-9657;40 Petterle Crossing;4 Kensington Point;Tianjiazhai;China
77;OTHER;318-145-6817;5921 Dorton Lane;767 Delladonna Parkway;Pasirpanjang;Indonesia
78;OTHER;270-564-4960;935 Barby Terrace;33 Brickson Park Terrace;Kanáli;Greece
79;MALE;906-201-5086;11 Monument Park;8504 Macpherson Circle;Al Qarmadah;Tunisia
80;OTHER;565-172-2057;713 American Way;0 Northfield Lane;Sabhā;Libya
81;MALE;727-987-8158;84 Fisk Pass;5 Nancy Parkway;Lujing Zhen;China
82;OTHER;541-547-2796;8 Hauk Junction;38669 Waxwing Crossing;Montpellier;France
83;MALE;896-273-7152;5433 Paget Center;81439 Maple Circle;San Vicente;Philippines
84;FEMALE;646-747-7911;6953 La Follette Avenue;4947 Wayridge Street;Livadiya;Russia
85;FEMALE;678-798-3365;99748 Park Meadow Terrace;1880 Tennessee Drive;Thành Phố Nam Định;Vietnam
86;MALE;123-869-2968;35328 Farmco Hill;11637 Pankratz Avenue;Kołbiel;Poland
87;FEMALE;678-968-0196;545 Golden Leaf Way;84 Briar Crest Point;Kawangu Satu;Indonesia
88;MALE;363-521-3559;41785 Blaine Parkway;6 Declaration Place;Mlimba;Tanzania
89;OTHER;584-174-8401;63873 Sunnyside Crossing;06526 Sutteridge Drive;Xiaoshun;China
90;MALE;553-708-5803;7760 Weeping Birch Road;36217 Monterey Way;Dongpu;China
91;OTHER;571-175-0978;56 Pepper Wood Way;7175 Pierstorff Trail;Richmond;United States
92;FEMALE;393-596-2139;06867 Lake View Alley;25 Fair Oaks Point;Xi’an;China
93;OTHER;949-711-9952;98 Westend Hill;26 Hollow Ridge Junction;Irvine;United States
94;FEMALE;774-204-4283;4 Annamark Circle;62 Weeping Birch Hill;Kebonkai;Indonesia
95;MALE;904-245-7353;281 Muir Parkway;959 Truax Street;Mardakyany;Azerbaijan
96;OTHER;378-748-8468;4 Washington Road;1 Declaration Plaza;Alingsås;Sweden
97;FEMALE;123-777-7413;6059 Hovde Junction;9 Old Shore Avenue;Sedlice;Czech Republic
98;MALE;149-468-5430;98296 Sauthoff Place;08048 Ludington Road;Oslo;Norway
99;FEMALE;507-358-0635;545 Basil Circle;54922 Shelley Place;Bidbid;Oman
100;OTHER;266-753-4971;40 Birchwood Crossing;560 Daystar Trail;Goiatuba;Brazil
101;MALE;533-761-7028;6 Dakota Park;439 Dakota Junction;Saatlı;Azerbaijan
102;FEMALE;653-181-7851;0801 Graceland Junction;9 Anhalt Court;Doropayung;Indonesia
103;OTHER;993-753-3343;6 Lakewood Trail;02 Manufacturers Way;Lebedyan’;Russia
104;OTHER;134-912-4198;9 Mandrake Center;54594 Spaight Parkway;Kalangala;Uganda
105;MALE;546-520-0796;67202 Talmadge Street;538 Hovde Terrace;Orléans;France
106;OTHER;601-854-4286;17 Stuart Place;34 Corry Court;Safara;Portugal
107;MALE;911-787-9599;33306 Summer Ridge Lane;6 Buell Center;Oeleon;Indonesia
108;FEMALE;470-449-0092;2 Schiller Road;5 Clarendon Alley;Baishigou;China
109;MALE;355-474-8187;8 Golf Course Crossing;9206 Kim Junction;Kotabaru;Indonesia
110;OTHER;174-368-0242;62 Artisan Junction;833 Sullivan Circle;Ḩadīdah;Syria
111;MALE;553-271-0349;0 Orin Park;4 Thierer Drive;Don Mueang;Thailand
112;MALE;980-553-7707;75 Merchant Center;471 Maple Circle;Shazi;China
113;MALE;178-435-7200;90178 Macpherson Center;8243 Jay Avenue;Walichnowy;Poland
114;FEMALE;122-205-3942;54780 Granby Alley;565 Crowley Plaza;Lukou;China
115;MALE;304-636-0165;1 Hansons Terrace;9 Darwin Trail;Huntington;United States
116;OTHER;842-156-5103;53420 Old Gate Lane;214 Havey Center;Rathnew;Ireland
117;FEMALE;777-960-9679;57575 Autumn Leaf Way;55 Meadow Vale Plaza;Hedong;China
118;FEMALE;444-503-0204;1402 Lakewood Gardens Drive;92 Dovetail Court;Sohag;Egypt
119;MALE;481-348-0385;02486 Hanson Point;43686 Granby Trail;Rixi;China
120;MALE;247-295-5754;186 Corscot Crossing;870 Knutson Road;Thị Trấn Quế;Vietnam
121;OTHER;825-103-7571;225 Lukken Alley;9 Everett Drive;Cibingbin;Indonesia
122;MALE;240-425-6582;18 Canary Way;97991 Wayridge Crossing;Pinggirsari;Indonesia
123;MALE;347-964-8230;130 Butternut Point;299 Thackeray Crossing;Sousa;Brazil
124;MALE;558-313-0318;0 Hazelcrest Drive;14842 Eggendart Point;Enshi;China
125;OTHER;932-275-3328;1 Weeping Birch Park;79 Talisman Parkway;Bandhagen;Sweden
126;FEMALE;739-828-7487;7674 Del Sol Junction;5 Riverside Lane;Nanyuan;China
127;OTHER;503-884-7892;385 Everett Circle;60441 Sunfield Circle;Anchang;China
128;OTHER;703-857-6963;98177 Victoria Hill;9 Bowman Alley;Awsīm;Egypt
129;FEMALE;274-470-0620;31 Oak Alley;4667 Burning Wood Point;Zouparria do Monte;Portugal
130;MALE;431-191-6295;98364 Northland Court;84 Blaine Way;Mrganush;Armenia
131;FEMALE;842-632-4498;200 Thierer Center;93690 Morning Point;Murom;Russia
132;FEMALE;891-581-6036;3 Carpenter Junction;8885 Manufacturers Circle;Mó;Portugal
133;MALE;901-415-6691;10039 Wayridge Road;6 Mallard Road;Memphis;United States
134;FEMALE;370-888-2172;719 Oak Valley Circle;0441 Buhler Junction;Siqiao;China
135;FEMALE;998-548-4192;96242 Kipling Park;59 Eliot Drive;Dujuuma;Somalia
136;FEMALE;908-328-2418;0312 Homewood Court;2117 Shopko Drive;Daohe;China
137;MALE;401-262-1109;0630 Merrick Alley;49 Mariners Cove Park;Tarogong;Indonesia
138;OTHER;896-399-9163;27 Montana Junction;4 Towne Lane;Tengah;Indonesia
139;OTHER;240-317-4941;5 Mcguire Terrace;2 Dottie Pass;Chacabuco;Argentina
140;FEMALE;257-111-9772;97328 Boyd Park;79841 Sullivan Alley;Ambato Boeny;Madagascar
141;OTHER;786-888-3714;14781 Oak Court;07218 Everett Avenue;Clearwater;United States
142;FEMALE;915-725-0949;6242 Springs Junction;07393 Sage Pass;Pyinmana;Myanmar
143;MALE;866-181-9540;75233 Milwaukee Alley;363 Sycamore Point;Fushi;China
144;FEMALE;779-234-9750;057 Summerview Pass;40150 Stoughton Center;Shezë;Albania
145;MALE;547-840-9756;39555 Cardinal Terrace;05662 Cordelia Street;Champerico;Guatemala
146;MALE;255-711-7685;46785 Service Circle;17 La Follette Avenue;Bañga;Philippines
147;FEMALE;202-770-4000;53 Gulseth Lane;35740 Orin Alley;Mae Hi;Thailand
148;MALE;501-528-7438;8 Rowland Place;56 Elmside Pass;Zhaizigou;China
149;MALE;974-206-3155;870 Summer Ridge Terrace;2229 Donald Park;Bergen;Norway
150;OTHER;838-983-2851;1636 Orin Parkway;56 Stoughton Hill;Sungayang;Indonesia
151;OTHER;729-600-9554;3 Lindbergh Drive;1264 Hallows Trail;Amaraji;Brazil
152;OTHER;977-413-0923;45 Anhalt Court;46956 Farragut Way;Depok;Indonesia
153;OTHER;897-506-8020;0 Colorado Lane;65 Hanover Alley;Warburton;Pakistan
154;MALE;843-167-5011;3 Kings Place;66185 Trailsway Court;Bourg-en-Bresse;France
155;FEMALE;929-137-4760;30718 Pleasure Park;6081 Jay Pass;Köping;Sweden
156;OTHER;663-838-1911;5 Dorton Plaza;49 Springview Drive;Dasha;China
157;OTHER;321-210-8906;5975 Roxbury Hill;781 Eggendart Center;Malabugas;Philippines
158;FEMALE;260-246-0635;67 Jay Terrace;96 Bobwhite Crossing;La Dicha;Philippines
159;MALE;546-348-5969;6 Monument Court;944 Quincy Center;Veselynove;Ukraine
160;FEMALE;128-678-4086;7790 Manley Junction;70 Blaine Parkway;Jinta;China
161;FEMALE;776-480-6133;741 Luster Lane;83991 Browning Junction;Greenland;Barbados
162;FEMALE;159-665-7803;6140 Memorial Place;0 Dawn Plaza;Terneuzen;Netherlands
163;FEMALE;103-449-4447;59134 Jay Street;16852 Anthes Center;Yangchun;China
164;OTHER;845-713-1777;008 Crownhardt Terrace;7 Lakewood Gardens Street;Göteborg;Sweden
165;OTHER;178-252-9131;7 Gerald Junction;9 Sugar Lane;Sinfra;Ivory Coast
166;MALE;471-430-4647;96 Corry Plaza;0940 Lillian Way;Puerto Nariño;Colombia
167;OTHER;642-255-9634;3 Morning Parkway;71447 Charing Cross Street;Trubchevsk;Russia
168;MALE;110-316-7250;258 Service Terrace;5 Linden Point;Nazyvayevsk;Russia
169;MALE;566-909-2258;2 Farragut Alley;745 Leroy Center;Binhe;China
170;OTHER;892-443-6718;3 Farwell Center;21 Becker Plaza;Moriguchi;Japan
171;FEMALE;407-655-6843;077 Glacier Hill Trail;1706 Kensington Plaza;Vukatanë;Albania
172;OTHER;314-170-8406;353 Texas Junction;29323 Park Meadow Park;Saint Louis;United States
173;OTHER;236-539-1644;44133 Hallows Circle;28 Lerdahl Street;Miðvágur;Faroe Islands
174;MALE;215-234-7015;6 Butternut Trail;5 David Way;Mežica;Slovenia
175;FEMALE;481-485-5500;3 Sachs Hill;18 Portage Drive;Jingzhou;China
176;OTHER;970-178-1365;8358 Michigan Way;5539 Bartelt Street;Alenquer;Portugal
177;OTHER;688-267-0418;431 Kim Drive;094 Lotheville Point;Linhares;Brazil
178;OTHER;719-577-0151;05483 Hauk Way;7299 Continental Pass;Nahrīn;Afghanistan
179;FEMALE;706-616-0452;60410 Nancy Court;93 Eliot Crossing;Khashuri;Georgia
180;MALE;767-769-4041;654 Barby Alley;15 Starling Center;Mungwi;Zambia
181;MALE;504-152-2468;555 Mandrake Hill;9251 Bluejay Drive;Kalajoki;Finland
182;MALE;459-604-6338;25322 Reinke Terrace;2 Grim Alley;Tongole;Sierra Leone
183;MALE;414-297-6552;59132 Ruskin Point;42 Kedzie Court;Legaspi;Philippines
184;MALE;526-380-2711;02315 Harbort Hill;45 Havey Place;Shilaoren;China
185;MALE;761-253-3773;8955 Sachtjen Center;25853 Arapahoe Place;Peroguarda;Portugal
186;MALE;499-969-6024;9 Vernon Center;2 Spenser Pass;Neyrīz;Iran
187;MALE;833-299-4156;0 Prairieview Point;130 Bultman Parkway;Solotcha;Russia
188;OTHER;304-862-1729;0 Caliangt Parkway;1231 Chive Way;Zhoujia;China
189;OTHER;241-585-8825;394 1st Park;9585 Russell Lane;Lannion;France
190;MALE;813-571-2294;9 Pearson Circle;70459 Independence Plaza;Podgortsy;Ukraine
191;MALE;435-409-1463;015 Coleman Hill;78 Autumn Leaf Plaza;Kuteynykove;Ukraine
192;MALE;338-116-2856;3 Pearson Plaza;9 Sutherland Court;Nice;France
193;FEMALE;183-249-8343;76 Thompson Terrace;261 Truax Parkway;Menggala;Indonesia
194;FEMALE;563-505-4853;0072 Schiller Center;161 Kinsman Avenue;Tibillo;Peru
195;FEMALE;367-663-7265;0886 Holy Cross Terrace;2 Reindahl Plaza;Rezé;France
196;OTHER;995-653-9727;3 Thackeray Way;25 Coolidge Plaza;‘Anīn;Palestinian Territory
197;OTHER;896-577-3720;739 Waywood Place;80539 Fremont Street;Kudirkos Naumiestis;Lithuania
198;OTHER;931-940-3813;4764 Merchant Drive;9336 Claremont Place;Yelizavetino;Russia
199;FEMALE;749-524-1982;36140 Pierstorff Terrace;07717 Graedel Pass;Bayt Līd;Palestinian Territory
200;OTHER;662-481-0553;29 Utah Lane;121 Graceland Plaza;Huambo;Angola
201;FEMALE;493-149-9041;6736 Nevada Crossing;62533 Maple Terrace;Qiling;China
202;MALE;988-111-4677;81425 Sauthoff Crossing;17069 School Center;Chikeng;China
203;OTHER;811-529-8280;56 Delladonna Road;2402 Thierer Parkway;Slavuta;Ukraine
204;FEMALE;807-311-0404;3272 Eliot Alley;18 Banding Circle;Arrentela;Portugal
205;OTHER;535-423-6733;55872 Waubesa Drive;77981 Moose Pass;Sainte-Thérèse;Canada
206;OTHER;724-182-7550;9416 Gulseth Parkway;02296 Dawn Pass;Askeaton;Ireland
207;MALE;688-128-3850;91 Lukken Court;55070 Armistice Trail;Melun;France
208;OTHER;937-182-2495;865 Prairie Rose Drive;53865 Lakewood Avenue;Xuling;China
209;MALE;747-693-4025;8 Independence Place;81853 Coolidge Alley;Nysa;Poland
210;FEMALE;629-934-8010;602 Becker Hill;1213 Tennyson Lane;Lyon;France
211;FEMALE;348-614-8560;45738 Huxley Parkway;75187 2nd Court;General Roca;Argentina
212;FEMALE;260-835-4187;84498 La Follette Alley;755 Brentwood Center;Fort Wayne;United States
213;FEMALE;454-631-9076;3348 Havey Junction;3 Grasskamp Point;Bystrytsya;Ukraine
214;MALE;200-941-4611;56406 Mccormick Alley;17718 Montana Trail;Morshansk;Russia
215;MALE;493-678-1822;9 Kedzie Terrace;890 Westridge Street;Middelburg;South Africa
216;FEMALE;880-279-1521;2024 Hallows Circle;50107 Graedel Center;Huashan;China
217;MALE;612-319-0124;8407 Muir Circle;39541 Vermont Circle;Wuqu;China
218;OTHER;900-307-0664;49424 Dwight Parkway;642 Vahlen Plaza;Jiang’an;China
219;OTHER;312-846-7866;4553 Waubesa Junction;8 Service Circle;Kakuda;Japan
220;OTHER;705-648-9651;7683 East Crossing;5830 Stephen Crossing;Douz;Tunisia
221;MALE;655-421-3100;880 Northridge Drive;786 Pennsylvania Place;Lasek;Poland
222;MALE;835-562-5931;971 Southridge Park;7963 Merry Center;Shitan;China
223;MALE;848-285-7831;48 Green Ridge Street;7 Tony Drive;Venustiano Carranza;Mexico
224;FEMALE;654-614-5598;0052 Cascade Hill;8 Oak Pass;Sal’sk;Russia
225;FEMALE;341-696-0076;86 Surrey Drive;9 4th Court;Chauk;Myanmar
226;MALE;271-269-0176;5325 Portage Hill;03 3rd Park;Cercal;Portugal
227;MALE;953-103-9002;10 Spohn Lane;0128 Sage Junction;Kurume;Japan
228;OTHER;342-423-7150;0 Clemons Street;522 Dexter Circle;Jijiang;China
229;MALE;397-766-2945;9682 Westport Way;2 Basil Drive;Shakhtars’k;Ukraine
230;FEMALE;241-130-9045;63952 Warrior Alley;958 Rieder Park;Pumai;Indonesia
231;OTHER;775-570-7539;70867 Londonderry Pass;9 Main Drive;Rumbek;South Sudan
232;OTHER;625-770-1009;661 Canary Street;3 Lien Hill;Chynów;Poland
233;MALE;719-597-7363;3 Thackeray Court;7611 Almo Hill;Osorno;Chile
234;FEMALE;499-338-4765;6 3rd Crossing;4 Raven Street;Yangiobod;Uzbekistan
235;FEMALE;533-545-2378;82 Center Crossing;52448 Valley Edge Road;Mandala;Indonesia
236;OTHER;289-321-2289;68 Sage Circle;4290 Nova Pass;Leon;Spain
237;OTHER;304-679-4617;05863 Westport Junction;22 Swallow Trail;Charleston;United States
238;OTHER;504-969-6012;29511 Kensington Alley;133 Talmadge Point;Nirasaki;Japan
239;MALE;747-292-3776;7 Eagle Crest Drive;40064 Porter Trail;Hønefoss;Norway
240;OTHER;192-869-3665;24377 Lake View Center;32 Dunning Court;Elato;Micronesia
241;OTHER;841-442-7784;8637 Pankratz Circle;60764 Dunning Drive;Beiqiao;China
242;OTHER;324-842-4577;99 Ridgeway Hill;82 Holmberg Circle;Benito Juarez;Mexico
243;MALE;454-539-3214;9 Fulton Parkway;6 Thierer Crossing;Hulan;China
244;OTHER;740-165-4807;582 Pleasure Parkway;59593 Kennedy Circle;Madīnat ash Shamāl;Qatar
245;OTHER;866-406-1351;0026 Meadow Valley Point;1 Village Crossing;San Marcelino;Philippines
246;OTHER;282-387-6761;60 Tennessee Place;4849 Pepper Wood Center;Madrid;Spain
247;FEMALE;811-396-8466;882 Oriole Center;5724 Dorton Circle;Rajūzah;Yemen
248;MALE;489-987-6447;77 Jenna Avenue;866 Arrowood Plaza;Donggu;China
249;MALE;231-523-4275;06332 Hauk Place;4 Ronald Regan Junction;Menzel Jemil;Tunisia
250;OTHER;697-519-4490;868 Boyd Pass;44 Victoria Way;Lopatyn;Ukraine
251;MALE;759-858-9487;94 Maple Wood Court;9 Dahle Alley;Wucun;China
252;MALE;539-178-3863;13 Corscot Center;314 7th Avenue;Barentu;Eritrea
253;OTHER;799-861-8446;7654 Bunker Hill Trail;052 Hayes Plaza;Göteborg;Sweden
254;MALE;660-468-3143;0 Delladonna Hill;5017 Toban Junction;Teberda;Russia
255;FEMALE;604-557-6545;3953 Fuller Drive;4 Almo Pass;Chashan;China
256;FEMALE;918-199-0058;854 Coleman Street;6 Glacier Hill Center;Hezheng Chengguanzhen;China
257;OTHER;683-765-8395;90206 Corben Hill;18742 Old Shore Lane;Kapuskasing;Canada
258;FEMALE;162-504-3931;1 Farragut Crossing;43 Mcguire Circle;Kadugede;Indonesia
259;MALE;689-182-8164;413 Susan Street;5210 Burrows Point;Kinlough;Ireland
260;MALE;829-199-3641;3 Fulton Avenue;900 Washington Place;Calde;Portugal
261;OTHER;113-389-3511;4 Oneill Junction;33 Fair Oaks Alley;Paris 18;France
262;MALE;815-326-1126;2 Mallory Parkway;82 Columbus Crossing;Ang Thong;Thailand
263;OTHER;273-213-7066;715 Ronald Regan Way;851 Pawling Court;Kangar;Malaysia
264;OTHER;195-735-4914;301 Farragut Place;86339 Golf View Point;Zhengwan;China
265;FEMALE;876-130-5050;37 Anthes Center;88825 Summerview Drive;Rivière-du-Loup;Canada
266;OTHER;670-185-0642;16 Southridge Crossing;8 Gale Point;Florencio Sánchez;Uruguay
267;MALE;545-319-1816;47893 Melrose Lane;125 Carpenter Avenue;Conceição do Jacuípe;Brazil
268;FEMALE;727-166-2139;863 Namekagon Parkway;0258 Holy Cross Place;Goya;Argentina
269;FEMALE;465-726-5238;8771 Delladonna Circle;0735 Hagan Park;Bordeaux;France
270;MALE;749-470-2484;158 Stone Corner Alley;76715 Gulseth Hill;Junik;Kosovo
271;MALE;550-615-1263;2711 Morrow Plaza;8491 Shopko Street;Hājīganj;Bangladesh
272;OTHER;763-350-4531;71229 Red Cloud Alley;649 Holmberg Road;Varnsdorf;Czech Republic
273;FEMALE;752-715-7206;16 Eastlawn Court;782 Southridge Lane;Sanquan;China
274;FEMALE;658-178-2005;9721 Hollow Ridge Junction;1 Delladonna Terrace;Kowary;Poland
275;OTHER;305-619-3740;51009 Graceland Alley;8567 Barnett Center;Shumikhinskiy;Russia
276;MALE;963-121-6195;26247 Sauthoff Way;31870 Rieder Hill;Pueblo Nuevo;Mexico
277;FEMALE;878-263-5182;4426 Longview Crossing;62795 Bultman Junction;Helsingborg;Sweden
278;MALE;620-295-6393;016 Talisman Terrace;052 Dwight Crossing;Zhu’ao;China
279;OTHER;101-262-0003;1 Bluejay Point;5 Continental Point;Thio;New Caledonia
280;FEMALE;843-264-8391;36598 Donald Alley;979 Hanover Junction;Ntoroko;Uganda
281;FEMALE;440-232-3210;063 High Crossing Court;459 Monterey Street;Valencia;Spain
282;MALE;395-245-6494;825 Walton Point;87977 Waubesa Hill;Guaraciaba do Norte;Brazil
283;OTHER;914-996-2483;8568 Autumn Leaf Circle;88236 Green Plaza;Putrajaya;Malaysia
284;FEMALE;443-235-0826;0242 Ridgeway Road;69 Crest Line Parkway;Jongīyeh;Iran
285;MALE;509-793-8617;09 Lyons Trail;9355 Gateway Junction;Campana;Argentina
286;OTHER;573-314-9939;8 Maywood Street;51 Porter Center;Torre;Portugal
287;MALE;262-631-9019;3199 Trailsway Circle;60893 Annamark Junction;Tshaneni;Swaziland
288;FEMALE;160-668-3294;8725 Kim Alley;72760 Brown Hill;Neochóri;Greece
289;OTHER;159-494-8213;7 Namekagon Place;63072 Jenna Avenue;Néa Karyá;Greece
290;MALE;525-994-5834;7 Laurel Crossing;49301 7th Point;Klatakan;Indonesia
291;OTHER;830-212-3082;481 Jana Plaza;6 Anzinger Lane;Zabukovica;Slovenia
292;OTHER;923-422-1007;4447 Corscot Street;4 Lawn Circle;Lais;Philippines
293;FEMALE;664-710-0904;649 Fisk Center;80603 Reindahl Alley;Palermo;Colombia
294;FEMALE;716-686-1745;55153 Hayes Lane;0 Milwaukee Court;Petauke;Zambia
295;OTHER;487-225-4372;284 Cambridge Circle;543 Mockingbird Crossing;Yurla;Russia
296;OTHER;524-879-6451;55592 Stoughton Drive;8099 Waubesa Circle;Roissy Charles-de-Gaulle;France
297;FEMALE;140-248-6979;38370 Oneill Avenue;1241 Laurel Court;Hägersten;Sweden
298;MALE;556-172-4743;3918 Leroy Alley;709 Crownhardt Street;Cheban;China
299;MALE;693-402-0543;28816 Farmco Circle;93213 Warrior Drive;Saint-Félicien;Canada
300;MALE;986-716-0124;2317 Prentice Plaza;7 Superior Hill;Norrköping;Sweden
301;FEMALE;337-476-8403;48432 Dorton Trail;214 Pine View Circle;Ladan;Indonesia
302;OTHER;862-551-7377;0 Dunning Center;16922 Lake View Center;Jieyang;China
303;FEMALE;107-121-5412;63 Sheridan Junction;92108 Hovde Center;Magoúla;Greece
304;OTHER;888-874-7684;44758 Farragut Point;6686 Grim Circle;Kuangsan;Indonesia
305;MALE;654-676-7752;5055 Mifflin Pass;8807 Jackson Way;Qingshandi;China
306;MALE;500-626-2121;30 Kim Center;6202 Weeping Birch Hill;Unión de Reyes;Cuba
307;MALE;623-923-1975;568 Northfield Alley;0 Monica Lane;Oymak;China
308;OTHER;374-657-2722;33610 Southridge Pass;07716 Riverside Plaza;Dulolong;Indonesia
309;FEMALE;706-150-2487;01 Straubel Parkway;14619 Truax Circle;Babana;Nigeria
310;FEMALE;206-673-8004;6819 Darwin Junction;9 Anthes Lane;Seattle;United States
311;FEMALE;817-708-0631;4019 Declaration Terrace;78064 Magdeline Road;Linglu;China
312;OTHER;809-931-9347;1 Buhler Center;7425 Doe Crossing Plaza;Casais Baleal;Portugal
313;MALE;496-711-3949;5285 American Trail;057 Hollow Ridge Lane;Torbat-e Jām;Iran
314;OTHER;766-279-1622;2366 Continental Road;8 Charing Cross Alley;Frederiksberg;Denmark
315;MALE;133-215-1219;917 Farmco Lane;84 Maple Hill;Menghai;China
316;OTHER;255-609-4239;6 Mayfield Court;45012 Florence Crossing;Butare;Rwanda
317;OTHER;141-268-3551;231 Rockefeller Park;56251 Mitchell Road;Arvika;Sweden
318;OTHER;703-593-7889;88 Susan Road;77696 Carberry Street;Bilopillya;Ukraine
319;MALE;848-607-0008;2389 Southridge Crossing;37 Twin Pines Court;Jose Maria Morelos;Mexico
320;OTHER;603-480-6300;520 6th Street;64 Comanche Drive;Antagan Segunda;Philippines
321;MALE;846-500-6199;501 Center Circle;06970 Schiller Crossing;Kranjska Gora;Slovenia
322;MALE;487-547-5809;4 Westerfield Street;3805 Debs Terrace;Benito Juarez;Mexico
323;FEMALE;763-227-8094;8 Oneill Crossing;93 Laurel Circle;Sinop;Brazil
324;MALE;162-516-0886;996 Grasskamp Plaza;14 Golden Leaf Pass;Jieshou;China
325;MALE;656-445-6177;34334 5th Street;6189 Pawling Crossing;Kalmar;Sweden
326;MALE;826-451-1493;1324 Carpenter Lane;0 Charing Cross Drive;Whistler;Canada
327;FEMALE;273-251-4074;8 Delladonna Pass;282 Continental Parkway;Dubăsari;Moldova
328;OTHER;667-327-0179;1 Maywood Street;510 Erie Pass;San José de Miranda;Colombia
329;FEMALE;501-593-8019;11 Hansons Junction;094 Bowman Lane;Palma De Mallorca;Spain
330;MALE;116-477-1540;98 Eagan Way;08785 Washington Terrace;San Ramon;Philippines
331;FEMALE;621-614-4517;262 Pankratz Trail;3614 Sullivan Crossing;Boljoon;Philippines
332;FEMALE;623-414-9477;969 Ronald Regan Avenue;23757 Canary Alley;Mantes-la-Jolie;France
333;OTHER;313-535-8243;0417 Havey Hill;48132 Kingsford Park;Saint-Bruno-de-Montarville;Canada
334;FEMALE;140-347-9139;8450 Forest Run Point;7411 Bunker Hill Place;Kaiyuan;China
335;MALE;894-594-5115;16019 Redwing Court;374 Commercial Pass;Jiulong;China
336;FEMALE;643-243-3517;70075 Loomis Way;8 Saint Paul Junction;Jurangjero;Indonesia
337;MALE;372-989-6391;91 Hanson Terrace;259 Hansons Crossing;Caijiagang;China
338;OTHER;782-255-0087;12962 Longview Parkway;909 Lillian Terrace;Jishui;China
339;OTHER;377-530-9882;1160 Graedel Terrace;9 Dunning Plaza;Pantijan No 2;Philippines
340;FEMALE;567-339-7287;87 Spohn Road;5880 Iowa Park;Congonhas;Brazil
341;MALE;999-876-8196;1377 Blackbird Center;1377 Michigan Way;Murça;Portugal
342;OTHER;708-752-1515;8390 Pearson Parkway;64140 Bellgrove Circle;Jembatandua;Indonesia
343;MALE;772-736-2933;716 Pine View Drive;001 Jackson Place;Shenzhengqiao;China
344;MALE;352-470-1956;8 Spenser Place;15779 Meadow Valley Avenue;Staromyshastovskaya;Russia
345;FEMALE;824-483-7928;7 Duke Alley;81256 Loomis Hill;Cruz Alta;Brazil
346;FEMALE;212-594-5844;8 Amoth Junction;655 Eggendart Street;Jamaica;United States
347;FEMALE;835-313-2437;416 Southridge Center;4754 Hintze Crossing;København;Denmark
348;OTHER;266-320-5710;8 Hansons Place;50957 Crowley Alley;Kaset Wisai;Thailand
349;OTHER;538-415-9092;85433 Kensington Place;2 Colorado Center;Belgrade;Serbia
350;MALE;159-767-3792;38 Eastwood Court;4510 Killdeer Trail;Helvecia;Argentina
351;FEMALE;953-841-4650;0 2nd Pass;8386 Sherman Point;Khodzhi-Gasan;Azerbaijan
352;OTHER;202-242-6611;5361 Jenna Parkway;1 Sheridan Pass;Bronnitsy;Russia
353;MALE;975-477-4627;4 Sunbrook Crossing;6 Atwood Point;Yabēlo;Ethiopia
354;FEMALE;354-584-3410;1 Nobel Terrace;80 Rowland Way;Jindu;China
355;MALE;101-195-2798;60559 Holy Cross Road;01533 Green Trail;Aldeia;Portugal
356;OTHER;895-644-2784;40 Farwell Junction;75369 Brentwood Avenue;Kilim;Philippines
357;OTHER;953-642-2999;7441 Caliangt Court;3 Myrtle Junction;Chengnan;China
358;MALE;798-162-0378;82987 Luster Circle;147 Paget Way;Waerana;Indonesia
359;OTHER;369-594-4099;10 Donald Hill;105 Ruskin Drive;Az Zuwaytīnah;Libya
360;FEMALE;592-210-1674;3983 Eagan Alley;87 Union Road;Cuihuangkou;China
361;MALE;715-395-1174;6 Anhalt Hill;9 Erie Way;Korenëvo;Russia
362;OTHER;351-952-0689;374 Russell Parkway;92 Texas Court;Baiba;China
363;FEMALE;905-373-6120;06631 Waxwing Place;5 Melrose Circle;Bakuriani;Georgia
364;MALE;163-702-0132;297 Del Mar Pass;47 Gateway Way;Roun Satu;Indonesia
365;MALE;880-143-6026;50 Blue Bill Park Street;8061 Carioca Alley;Mainque;Argentina
366;OTHER;390-106-6404;46 Moulton Lane;2 Walton Hill;Jiangkou;China
367;OTHER;283-199-3030;26 Lyons Park;015 Trailsway Terrace;Crumlin;Ireland
368;OTHER;792-536-7413;363 Petterle Drive;624 Fremont Hill;Chongxian;China
369;OTHER;258-750-6928;15591 Schmedeman Plaza;77289 Pepper Wood Park;Buje;Croatia
370;OTHER;867-726-3546;26 Menomonie Place;43 Kingsford Terrace;Amboasary;Madagascar
371;OTHER;177-769-1666;1797 Sugar Place;31832 Rieder Pass;Suining;China
372;MALE;569-237-0957;62 Westend Point;84 Dapin Junction;Longwu;China
373;OTHER;133-782-4429;7 Lindbergh Avenue;241 Thompson Place;Wencheng;China
374;FEMALE;430-992-9574;4384 Blackbird Drive;13 Chive Hill;Gala;Portugal
375;FEMALE;489-184-4268;3224 Dovetail Way;4799 Valley Edge Street;Eucaliptus;Bolivia
376;FEMALE;598-692-4544;36338 Michigan Way;72 Nevada Park;Bahāwalnagar;Pakistan
377;MALE;733-358-9906;56 Cherokee Parkway;5 Old Gate Park;Oebobo;Indonesia
378;MALE;483-684-7794;53175 Huxley Court;48951 Oak Valley Circle;Huanglian;China
379;MALE;926-585-7139;826 Brown Hill;2931 Hansons Way;Svoboda nad Úpou;Czech Republic
380;MALE;457-336-7857;95 Union Center;15112 Dottie Circle;Pingshan;China
381;FEMALE;147-695-1717;74 Steensland Parkway;55269 Hooker Lane;Kokotów;Poland
382;MALE;724-995-4327;915 Elmside Avenue;47323 Lawn Drive;Xiashihao;China
383;MALE;233-909-5137;98 Steensland Park;919 Leroy Point;Karasgede;Indonesia
384;FEMALE;798-216-4655;7898 Becker Plaza;2 School Drive;Boucinha;Portugal
385;OTHER;195-858-6137;20 Novick Park;961 Jenna Hill;Morcolla;Peru
386;MALE;848-120-9799;082 Chinook Hill;430 Dapin Terrace;Ransiki;Indonesia
387;OTHER;945-901-9228;1615 Sachs Circle;79 Heffernan Court;Xidajie;China
388;MALE;170-442-8778;8 Butterfield Place;0094 Maryland Junction;Leduc;Canada
389;FEMALE;562-441-7287;666 Hudson Street;70 Linden Court;Blumenau;Brazil
390;MALE;281-371-2653;47035 Pierstorff Alley;9 Meadow Vale Lane;Wunat;Indonesia
391;MALE;391-540-6147;60716 Upham Drive;326 Carioca Lane;Shaoguan;China
392;FEMALE;196-900-4012;45 David Point;46862 Knutson Plaza;Ödeshög;Sweden
393;FEMALE;514-165-0158;89 Texas Drive;3 Buena Vista Pass;Boniewo;Poland
394;FEMALE;691-641-4694;2 Haas Avenue;1104 Butternut Drive;Mulatupo;Panama
395;MALE;592-470-6991;2 Atwood Terrace;479 Springs Circle;Biyong;China
396;FEMALE;338-503-1026;3 Bartelt Road;008 Lunder Park;Stockholm;Sweden
397;OTHER;719-435-8072;2388 Chinook Place;4 Buena Vista Parkway;Concepcion;Philippines
398;FEMALE;789-219-6937;65805 Petterle Parkway;1484 Superior Circle;Máncora;Peru
399;OTHER;710-605-3589;6 Starling Circle;4 Becker Court;Kingsey Falls;Canada
400;OTHER;276-137-9942;8 Continental Plaza;416 Sunnyside Plaza;Jambubol;Indonesia
401;MALE;671-486-2479;3 Clyde Gallagher Court;11551 Mariners Cove Parkway;Boston;Philippines
402;FEMALE;461-537-4060;92 Eggendart Park;54 Paget Park;Hongqi;China
403;FEMALE;827-795-2479;9670 Loeprich Trail;2583 Manitowish Lane;Wolin;Poland
404;FEMALE;767-430-4724;27 Monterey Plaza;236 Sunbrook Point;Jonquière;Canada
405;FEMALE;909-283-4648;2 Northland Junction;02948 Novick Lane;Izumi;Japan
406;MALE;102-312-8319;094 Westend Terrace;40 Northport Terrace;Podporozh’ye;Russia
407;FEMALE;936-901-4863;91 Bartelt Center;0 Jenifer Way;Nantai;China
408;OTHER;843-745-1598;61321 Warrior Place;3286 Chinook Drive;Beckerich;Luxembourg
409;MALE;973-182-8514;9 Sugar Junction;432 Basil Trail;Kuala Terengganu;Malaysia
410;FEMALE;851-590-4825;101 Mccormick Parkway;2 Johnson Way;Aloja;Latvia
411;OTHER;888-722-3142;9 Surrey Center;11 Surrey Way;Mahdia;Guyana
412;MALE;394-584-4155;676 Arrowood Center;0 Village Green Center;Makueni;Kenya
413;OTHER;869-361-2737;07 Leroy Park;183 Bowman Park;Skarżysko-Kamienna;Poland
414;MALE;152-200-5934;0410 Longview Center;20391 Loftsgordon Point;San Roque;Argentina
415;FEMALE;169-663-4848;71791 Delladonna Street;17 6th Circle;Saint-Jean-de-Luz;France
416;OTHER;914-325-7587;093 Nevada Drive;52 Park Meadow Junction;Yunxian Chengguanzhen;China
417;OTHER;620-371-0697;81852 Schurz Plaza;4349 4th Crossing;Purworejo;Indonesia
418;MALE;167-340-8380;2 Elgar Center;76 Shelley Hill;Paris 08;France
419;MALE;926-439-5172;2462 Pond Junction;29 Crest Line Court;Gulao;China
420;FEMALE;298-177-8169;4744 Farwell Court;9194 1st Hill;Baguio;Philippines
421;MALE;231-815-1575;808 International Pass;55 Sunnyside Plaza;Ijūin;Japan
422;MALE;823-700-5066;1 Darwin Drive;2613 Sundown Pass;Sangoleng;Indonesia
423;MALE;812-586-5972;3 Arrowood Place;939 Clarendon Pass;Evansville;United States
424;MALE;746-241-4245;53657 Arrowood Place;9163 Jenifer Terrace;Eastern Suburbs Mc;Australia
425;MALE;470-567-9826;47 Schiller Parkway;900 Moland Junction;Solna;Sweden
426;MALE;535-369-0567;9 Elka Avenue;9 Mayer Parkway;Dayangzhou;China
427;FEMALE;811-203-5850;621 Kenwood Crossing;1402 Esker Hill;Novosheshminsk;Russia
428;FEMALE;251-581-5215;83120 Maple Circle;812 Mcguire Drive;San Jacinto;Colombia
429;OTHER;953-964-6122;863 Homewood Center;2 Dapin Point;Matozinhos;Brazil
430;OTHER;975-181-2644;5 Northwestern Plaza;1419 Garrison Alley;Pingshan;China
431;FEMALE;654-459-3217;7 Butternut Terrace;50 Paget Way;Yashiga;China
432;FEMALE;201-508-1584;5 Algoma Road;67 Ruskin Park;Porsgrunn;Norway
433;MALE;673-767-2499;6195 Sachs Center;2265 Reinke Terrace;Hezuo;China
434;MALE;986-789-6712;60 Luster Parkway;46 Oakridge Avenue;Sernur;Russia
435;MALE;359-367-2805;2476 Comanche Street;313 Mallory Trail;Hwasun;South Korea
436;OTHER;760-527-0430;7913 Shelley Alley;31 Sachs Court;Bang Kruai;Thailand
437;FEMALE;859-154-1212;12 Melby Parkway;1 Cordelia Drive;Māymay;Afghanistan
438;MALE;382-605-5781;7 Crowley Court;91108 American Parkway;Santa Lucía;Colombia
439;MALE;688-206-3503;20 Kennedy Place;41458 Eastlawn Center;Liancheng;China
440;OTHER;955-339-3619;83 Arkansas Terrace;54 Union Alley;Rancaseneng;Indonesia
441;FEMALE;802-859-2738;227 Wayridge Junction;9122 Marcy Court;Lancar;Indonesia
442;OTHER;549-186-0207;608 Forest Run Parkway;86431 Manitowish Way;Angoulême;France
443;FEMALE;711-416-0824;7 Park Meadow Plaza;4 Saint Paul Terrace;Yuxarı Aran;Azerbaijan
444;FEMALE;874-116-5536;29 Golf Course Court;3629 Mifflin Place;Presa;Portugal
445;FEMALE;127-274-7528;1 Helena Crossing;994 Killdeer Court;Farasān;Saudi Arabia
446;MALE;751-446-1876;369 Tony Street;994 Transport Circle;Gaobeijie;China
447;OTHER;142-983-2720;6 La Follette Trail;33 Mifflin Court;Luyang;China
448;MALE;656-739-8502;5212 Dayton Circle;1 Mesta Road;Cockburn Town;Bahamas
449;MALE;625-750-4647;4358 Sage Court;49134 Chive Trail;Dohār;Bangladesh
450;OTHER;381-908-2473;57196 Cottonwood Place;3635 Dunning Junction;Xinqiao;China
451;MALE;604-166-5482;5277 Northwestern Street;40588 South Park;Thị Trấn Yên Châu;Vietnam
452;FEMALE;744-650-1913;55 Monterey Hill;48697 Esch Trail;Água Retorta;Portugal
453;FEMALE;207-305-9640;2 Anzinger Court;74885 Oxford Way;Kuybyshevskiy Zaton;Russia
454;MALE;325-314-0148;35 Kingsford Street;2590 Northridge Junction;Ts’khinvali;Georgia
455;FEMALE;333-687-1512;57168 Buell Circle;4 Rockefeller Trail;Winterthur;Switzerland
456;MALE;911-390-9361;8 Armistice Court;036 Moose Way;Phnom Penh;Cambodia
457;FEMALE;395-148-4540;0768 Maywood Hill;791 Claremont Park;Sapareva Banya;Bulgaria
458;MALE;916-179-1180;7369 Linden Way;1 Bartelt Trail;Sacramento;United States
459;MALE;826-277-7852;2369 Helena Alley;57183 Sommers Point;Lipa City;Philippines
460;MALE;219-966-6330;2 Sutherland Court;5895 Warrior Park;Lokuuy;Indonesia
461;MALE;862-620-2426;567 Rutledge Junction;26 Green Avenue;Paterson;United States
462;OTHER;628-149-0802;38 Arapahoe Circle;18 Sachtjen Park;Zhangfang;China
463;OTHER;997-794-7296;66183 Reinke Center;1265 Boyd Drive;Yinghai;China
464;FEMALE;193-513-9559;431 Eagle Crest Alley;5 Menomonie Court;Emiliano Zapata;Mexico
465;OTHER;480-884-7556;2506 Thackeray Parkway;2 Dexter Lane;Xaçmaz;Azerbaijan
466;FEMALE;737-244-4347;204 Buhler Hill;85 2nd Terrace;Niška Banja;Serbia
467;OTHER;885-759-0278;93 Straubel Avenue;08 Wayridge Pass;Shapaja;Peru
468;OTHER;184-796-8691;17183 Westend Terrace;44837 Hovde Pass;Tijucas;Brazil
469;OTHER;890-622-0231;70 Shelley Trail;426 Forest Court;Yantai;China
470;MALE;977-805-5081;120 Farwell Circle;79 North Circle;Jincun;China
471;FEMALE;416-501-7936;893 Tony Plaza;1 Florence Center;Lipa City;Philippines
472;MALE;417-310-0958;2 Morrow Court;6 Northview Drive;Yangzi;China
473;FEMALE;561-622-9211;96630 Clemons Circle;7080 Carberry Park;Qixing;China
474;MALE;171-672-1288;83 Muir Street;3 Hanover Place;Alah Sāy;Afghanistan
475;OTHER;142-956-9920;6186 Hayes Drive;845 Summer Ridge Plaza;Kipushi;Democratic Republic of the Congo
476;OTHER;862-271-8869;94910 Northfield Crossing;70546 Delladonna Lane;Portão;Brazil
477;MALE;122-988-7336;54 Charing Cross Parkway;24 Sage Lane;Shagonar;Russia
478;MALE;786-508-8988;33066 Fuller Court;7831 Derek Way;Dehī;Afghanistan
479;MALE;583-276-2075;2 Lyons Pass;99915 Independence Park;Trambalan;Indonesia
480;OTHER;336-733-3764;78 Melrose Hill;44 Sugar Drive;Bei;Indonesia
481;FEMALE;808-788-0305;102 Helena Avenue;19842 Merry Park;Thành Phố Lạng Sơn;Vietnam
482;MALE;178-464-7881;9004 Lerdahl Lane;17718 Oakridge Crossing;Hongyanxi;China
483;MALE;393-595-8974;83332 Golden Leaf Junction;448 Acker Plaza;Regulice;Poland
484;MALE;141-603-5371;3 Pepper Wood Lane;377 Fisk Junction;Klirou;Cyprus
485;FEMALE;237-655-6574;616 Utah Drive;89696 Packers Place;Tianzhen;China
486;OTHER;821-336-5473;08978 Waubesa Lane;93140 Lindbergh Place;Pepe;Indonesia
487;OTHER;949-508-2470;840 Corscot Alley;107 Melody Drive;Nikol’sk;Russia
488;OTHER;566-430-9522;179 Northview Way;1726 Logan Place;Las Animas;Chile
489;OTHER;413-409-5673;59336 Johnson Road;75428 Glacier Hill Lane;Fengmen;China
490;MALE;748-943-6570;92 Vahlen Alley;32028 Meadow Ridge Circle;Genyem;Indonesia
491;OTHER;631-253-0202;170 Vernon Plaza;99 Rutledge Court;Zongzhai;China
492;OTHER;261-426-6720;544 Briar Crest Avenue;0564 Crownhardt Point;Dhahi;Yemen
493;OTHER;424-728-6609;3 Helena Crossing;06 Monument Trail;Kediren;Indonesia
494;FEMALE;964-242-8463;70 Forest Run Alley;52797 Blaine Drive;Grebnevo;Russia
495;MALE;245-530-8901;8 Almo Terrace;64 Dunning Hill;Yotsukaidō;Japan
496;FEMALE;132-715-1157;7 Warrior Center;55 Rowland Trail;Yiqian;China
497;OTHER;680-419-4529;33 Sugar Point;843 Havey Lane;Bureng;Gambia
498;MALE;649-225-0120;28578 Ridge Oak Court;26 David Alley;El Bálsamo;Honduras
499;OTHER;954-614-6573;07 Schlimgen Parkway;82 Anderson Road;Lanta Timur;Indonesia
500;FEMALE;814-415-0141;6 Eggendart Terrace;290 Algoma Court;Heka;China
501;MALE;938-339-1154;77182 Daystar Drive;90 Magdeline Alley;Krajan;Indonesia
502;FEMALE;105-809-7926;3 Mockingbird Avenue;886 Luster Alley;Enschede;Netherlands
503;MALE;230-590-1142;95034 Brickson Park Place;94083 Spaight Circle;Al Khāniq;Yemen
504;OTHER;908-936-4689;2 Thierer Plaza;6 Bunting Trail;Kajok;South Sudan
505;MALE;582-630-7902;5756 Cambridge Plaza;633 Lighthouse Bay Point;Wangon;Indonesia
506;MALE;995-658-0458;95662 Hayes Avenue;3632 Macpherson Road;Hadano;Japan
507;MALE;939-460-2626;52 Rutledge Junction;72 Linden Place;Khlong Hat;Thailand
508;FEMALE;204-973-3497;1 Corry Street;7 Derek Place;Tamatam;Micronesia
509;MALE;933-898-1913;5527 Merrick Lane;30 Meadow Ridge Road;Champagnole;France
510;OTHER;860-124-2417;9 Reindahl Circle;0 Waxwing Hill;Néo Psychikó;Greece
511;MALE;614-300-3564;084 Mayfield Terrace;39 Mariners Cove Street;Mertzig;Luxembourg
512;FEMALE;439-100-1598;35491 Reindahl Street;3 Hagan Trail;Savigny-le-Temple;France
513;MALE;616-290-1277;1835 Mariners Cove Circle;26356 Scofield Hill;Askim;Sweden
514;OTHER;288-351-7599;114 Vernon Court;55 Tomscot Hill;Caxias do Sul;Brazil
515;OTHER;933-830-3735;6 Darwin Court;45 Banding Crossing;Sumberpucung;Indonesia
516;OTHER;173-228-4332;46 Carioca Circle;845 Di Loreto Road;Solnice;Czech Republic
517;MALE;317-129-5149;8 Ruskin Hill;5 Michigan Center;Sanli;China
518;FEMALE;270-531-4197;420 Oak Valley Lane;40 International Way;Quintela;Portugal
519;FEMALE;127-570-2157;28 Nelson Street;810 Schlimgen Alley;Georgetown;Saint Vincent and the Grenadines
520;MALE;320-860-6909;263 Pankratz Junction;192 Sheridan Street;Kuala Terengganu;Malaysia
521;MALE;190-552-5558;6 Schmedeman Point;471 Pleasure Court;Isheyevka;Russia
522;MALE;460-300-1538;3116 Forster Center;59 Orin Center;Chengxi;China
523;MALE;315-408-2754;515 Crescent Oaks Terrace;3432 International Trail;Nadrupe;Portugal
524;FEMALE;910-304-3105;744 Harbort Lane;99902 Lerdahl Alley;Wilmington;United States
525;FEMALE;724-306-6182;5502 Prairieview Hill;17 Golf View Trail;Oujda;Morocco
526;MALE;793-388-0416;2463 Hallows Crossing;0150 Daystar Hill;Rawson;Argentina
527;OTHER;819-404-4196;255 Petterle Alley;58874 Reinke Hill;Pantai Ceuremen;Indonesia
528;OTHER;886-155-7244;67235 Northridge Avenue;5576 Eastlawn Street;Hangzhou;China
529;OTHER;842-153-7496;7513 Graedel Road;4485 Walton Street;Hudlice;Czech Republic
530;FEMALE;774-704-3006;7 Dwight Way;44396 Almo Parkway;Danchang;China
531;OTHER;130-945-6001;5629 Valley Edge Avenue;0 Holy Cross Lane;Limeiras;Portugal
532;OTHER;124-219-7859;4427 Porter Hill;1 Blue Bill Park Alley;Gul’cha;Kyrgyzstan
533;FEMALE;750-241-5500;9629 Elmside Crossing;00126 Dunning Way;Velestíno;Greece
534;OTHER;942-799-8285;20442 Jana Avenue;09 Gale Hill;Charlestown;Saint Kitts and Nevis
535;MALE;907-618-1097;917 3rd Lane;5 Loomis Crossing;Lazaro Cardenas;Mexico
536;FEMALE;929-997-2832;43 Forest Run Point;6 Monterey Terrace;Lancang;Indonesia
537;FEMALE;147-675-1711;04 Annamark Pass;40 Bultman Lane;Saryaghash;Kazakhstan
538;OTHER;407-297-2627;4217 Aberg Hill;4 Crescent Oaks Drive;Zumiao;China
539;OTHER;873-947-3573;68121 Jay Street;35777 International Alley;Xinzha;China
540;OTHER;284-405-2838;609 Loeprich Court;2 Tomscot Park;Yuhang;China
541;MALE;547-402-1365;72 Huxley Point;529 Sherman Junction;Forquilhinha;Brazil
542;OTHER;877-773-4806;10 Banding Lane;33646 Grover Pass;Rychwał;Poland
543;FEMALE;573-719-7107;45 Longview Drive;62302 Meadow Valley Parkway;Khatanga;Russia
544;FEMALE;760-769-1324;08 Hazelcrest Alley;35294 Hoard Drive;San Vicente;Philippines
545;FEMALE;129-672-7913;12 Brentwood Plaza;57 Tennyson Drive;Gaur;Nepal
546;FEMALE;435-395-8899;48231 Elka Center;75016 Little Fleur Pass;Tawau;Malaysia
547;OTHER;562-643-3747;5 Commercial Court;547 Moulton Street;Banyupoh;Indonesia
548;FEMALE;559-775-4794;1 Washington Parkway;8 Bartelt Road;Garupá;Argentina
549;MALE;644-833-8752;6881 Bobwhite Parkway;00 Derek Park;Gharavŭtí;Tajikistan
550;MALE;435-665-8735;68033 8th Junction;7 5th Trail;Dawang;China
551;OTHER;559-653-7413;78 Ruskin Hill;6498 Briar Crest Road;Fresno;United States
552;FEMALE;242-775-1348;1469 Prairie Rose Road;54604 Jenna Point;Ústí nad Labem;Czech Republic
553;MALE;953-308-9899;78 Victoria Drive;0769 Gerald Hill;Górki Wielkie;Poland
554;FEMALE;936-436-7693;1 Heffernan Plaza;9897 Dottie Crossing;Chikan;China
555;FEMALE;807-724-3831;16806 Golf Pass;6967 Pepper Wood Way;Mungui;Peru
556;FEMALE;849-102-9406;3352 Brentwood Road;3259 Iowa Court;Sardoal;Portugal
557;MALE;771-790-3470;26312 Cordelia Court;9 Shelley Terrace;Rosmaninhal;Portugal
558;OTHER;966-318-9425;6 Park Meadow Crossing;7468 Lien Lane;Seynod;France
559;FEMALE;121-376-2307;12403 Troy Center;35192 Surrey Park;Clarines;Venezuela
560;MALE;555-625-1014;42361 Northwestern Point;12 Barnett Street;Soledad;Venezuela
561;FEMALE;632-803-7048;09 Dahle Circle;5 David Junction;San Pedro de Atacama;Chile
562;MALE;389-488-7859;83330 Shopko Plaza;60 Holmberg Point;Negotino;Macedonia
563;FEMALE;156-431-6537;8617 Scoville Junction;35602 Charing Cross Alley;Timiryazevskiy;Russia
564;FEMALE;530-574-2272;554 Maryland Crossing;45 Green Ridge Circle;Hulu;China
565;FEMALE;660-483-0310;00 Hallows Circle;79452 Lighthouse Bay Court;Ghouazi;Morocco
566;MALE;157-780-6527;4639 Bluejay Center;01893 Ridge Oak Plaza;Daxinshao;China
567;MALE;313-349-9678;49655 Springs Junction;67 Goodland Alley;Buda-Kashalyova;Belarus
568;FEMALE;247-590-4362;93 Coolidge Terrace;8 Crownhardt Lane;Youghal;Ireland
569;OTHER;908-276-2074;5 Hollow Ridge Hill;32 Walton Circle;South River;Canada
570;MALE;894-132-6252;17608 Rowland Way;3 Mcguire Center;Niulanshan;China
571;MALE;116-924-7139;4 Southridge Plaza;5436 Corry Circle;Emmaboda;Sweden
572;OTHER;614-194-0806;81168 Lien Way;405 Lakewood Lane;Vranisht;Albania
573;OTHER;648-142-4056;030 Mosinee Alley;11746 Colorado Avenue;Huangtian;China
574;MALE;521-856-0964;6 Jenifer Lane;8 Esch Street;Shiyuan;China
575;OTHER;160-932-6875;04 Maywood Alley;5070 Waxwing Junction;Sakassou;Ivory Coast
576;MALE;216-326-9801;778 Fulton Alley;99 Lakeland Lane;Almeria;Philippines
577;MALE;779-146-5960;1 Waxwing Hill;6041 Oneill Way;Głogówek;Poland
578;FEMALE;583-476-4310;47 Westerfield Plaza;50525 Talisman Place;Cergy-Pontoise;France
579;FEMALE;656-440-4632;53143 Morrow Crossing;5 Marcy Pass;Pellegrini;Argentina
580;MALE;543-516-2881;4590 Northview Junction;766 Atwood Plaza;Budziszewice;Poland
581;MALE;607-341-3756;40399 Graedel Road;129 Brickson Park Drive;Yege;China
582;FEMALE;416-905-4766;761 Center Court;7 Sugar Crossing;Kawerau;New Zealand
583;OTHER;878-761-1157;73 Arkansas Drive;4 Knutson Way;Otradnaya;Russia
584;MALE;974-938-6730;0251 Maple Wood Center;4 Melrose Court;Portachuelo;Bolivia
585;MALE;256-746-6211;6130 Cascade Center;2 Brown Court;Kidal;Mali
586;MALE;518-267-4520;34299 Sugar Court;8 Sachs Lane;Yangchun;China
587;MALE;113-773-1168;13 Jenna Drive;36 Sullivan Circle;Darband;Tajikistan
588;OTHER;167-746-1607;195 Comanche Plaza;32422 Hudson Drive;Tyresö;Sweden
589;MALE;189-898-1955;2 Reinke Court;599 Brentwood Hill;Gradishtë;Albania
590;MALE;745-330-7925;6947 Division Center;9 Beilfuss Hill;Kembang;Indonesia
591;MALE;239-681-9852;80938 Mccormick Lane;373 Maple Lane;Dístomo;Greece
592;OTHER;237-779-2165;81 Stone Corner Junction;07 Comanche Avenue;Santa Cruz;Philippines
593;OTHER;575-196-8385;72593 Pine View Avenue;8 Truax Junction;Niños Heroes;Mexico
594;FEMALE;757-180-5964;54258 Tomscot Way;52322 Cherokee Way;Sovetskaya;Russia
595;FEMALE;474-520-6370;9178 Dennis Circle;7 Vera Crossing;Arrufó;Argentina
596;OTHER;207-315-5717;6 Schmedeman Park;032 Kipling Avenue;Dengjiang;China
597;FEMALE;115-534-5222;0 Sycamore Road;4282 Arapahoe Circle;Vincennes;France
598;FEMALE;646-315-1526;1 Veith Center;9 Manley Pass;Jiuzihe;China
599;FEMALE;319-144-9847;644 Express Park;3820 Maple Court;Iowa City;United States
600;MALE;406-493-8329;2 Toban Lane;5 Eagle Crest Point;Beaumont;Canada
601;MALE;116-275-4749;39679 Sullivan Crossing;590 Merry Hill;Biggar;Canada
602;OTHER;797-595-6751;46603 Porter Terrace;5689 Sloan Court;Hengdaohezi;China
603;MALE;511-525-6097;4705 Novick Parkway;0605 Schmedeman Alley;Föglö;Aland Islands
604;MALE;532-995-2520;84943 Hintze Hill;950 Hazelcrest Avenue;Sijiqing;China
605;OTHER;250-491-8160;767 Farwell Junction;78 Straubel Lane;Limanancong;Philippines
606;FEMALE;122-340-0908;4 Northport Circle;1 Pennsylvania Hill;Sepekov;Czech Republic
607;MALE;544-401-6593;796 Green Place;682 Dawn Parkway;Leppävirta;Finland
608;FEMALE;575-727-2565;0570 Anhalt Park;3761 Judy Center;Dapaong;Togo
609;FEMALE;924-330-8964;93 Dapin Avenue;420 Esch Place;Baoping;China
610;OTHER;421-169-0022;5888 Grover Road;00208 Comanche Alley;Bílovec;Czech Republic
611;FEMALE;668-356-4783;96893 Crownhardt Lane;480 Eastwood Crossing;Jinchang;China
612;MALE;916-554-7398;2521 Spenser Way;02 Trailsway Place;Taishang;China
613;MALE;885-114-1818;201 Stoughton Point;76 Monument Alley;Patria;Philippines
614;FEMALE;405-255-4919;92 Mifflin Crossing;0429 Oakridge Park;Ciketak;Indonesia
615;FEMALE;594-644-7593;5524 Di Loreto Drive;20 Graedel Point;Penalva;Brazil
616;OTHER;988-502-3965;706 Eliot Center;03 Killdeer Junction;Matão;Brazil
617;FEMALE;994-466-5095;25447 Morningstar Court;605 Ryan Way;Khamyāb;Afghanistan
618;MALE;295-792-8949;70331 Northridge Crossing;095 Utah Road;Nancaicun;China
619;OTHER;517-234-9938;06 Mcbride Road;445 Old Gate Parkway;Hagfors;Sweden
620;FEMALE;255-724-1005;4 Stang Way;054 Gale Road;Fonte Boa;Brazil
621;OTHER;224-729-1253;660 Melody Way;66 Porter Pass;Guadalupe Victoria;Mexico
622;MALE;906-913-2102;1 Hagan Pass;5439 Clarendon Court;Neob;Indonesia
623;OTHER;827-342-0291;29015 Heath Drive;535 Merrick Center;Donghai;China
624;FEMALE;202-620-7560;625 Kropf Junction;31 Mcbride Junction;Zhaoqing;China
625;FEMALE;805-667-7894;73598 Schlimgen Terrace;5149 Mcbride Junction;Dakingari;Nigeria
626;FEMALE;654-989-9643;9925 Maywood Court;03319 Saint Paul Lane;Pirapora do Bom Jesus;Brazil
627;FEMALE;275-483-7136;4 Basil Trail;4 7th Street;Cuchumbaya;Peru
628;OTHER;113-114-4498;190 Hoepker Circle;382 Mitchell Center;Songkeng;China
629;MALE;861-787-1087;6788 Burning Wood Way;245 Hermina Alley;La Foa;New Caledonia
630;MALE;334-327-7158;05536 Fairview Drive;61240 Buell Way;Letuyi;China
631;FEMALE;748-878-4510;30 Armistice Hill;3 Daystar Crossing;Pingle;China
632;OTHER;337-429-0338;2 Jackson Place;8 Sage Park;Ar Rahad;Sudan
633;OTHER;686-564-4202;0949 Cherokee Plaza;8371 Glendale Alley;Al Jawf;Libya
634;FEMALE;627-907-2901;7 Maple Wood Terrace;78 Northview Court;Žlutice;Czech Republic
635;FEMALE;209-394-9493;7318 Dahle Junction;34286 Quincy Trail;Tianxin;China
636;FEMALE;126-605-2855;7 Anniversary Place;25764 Talmadge Point;Zhangxi;China
637;MALE;815-487-8502;2315 Hanover Avenue;99594 Kedzie Lane;Duobao;China
638;MALE;959-284-4897;914 Dawn Avenue;2 Troy Trail;Boromlya;Ukraine
639;FEMALE;719-991-9163;270 Gale Drive;204 Welch Drive;Colomi;Bolivia
640;FEMALE;242-674-8386;58 Southridge Pass;4031 4th Park;Opuzen;Croatia
641;MALE;510-555-8367;99723 Fisk Drive;5 Michigan Alley;Kyaikto;Myanmar
642;FEMALE;730-456-0952;2 Buhler Place;75231 Toban Court;Ecroignard;Mauritius
643;MALE;642-810-9317;62753 Bluestem Lane;16965 Arapahoe Center;Karanglo;Indonesia
644;FEMALE;389-229-3340;7686 Golden Leaf Center;16075 Anzinger Terrace;Vihāri;Pakistan
645;OTHER;323-309-0387;286 Crowley Alley;349 Bunker Hill Parkway;Pilcomay;Peru
646;MALE;158-577-8264;9481 Corben Circle;75 Brown Avenue;Samut Sakhon;Thailand
647;OTHER;550-325-3497;431 Florence Pass;87385 Veith Park;Xianghu;China
648;FEMALE;209-131-5832;2 Pearson Trail;3 Express Alley;Enriquillo;Dominican Republic
649;OTHER;173-161-8963;986 Veith Terrace;60 Tony Circle;Sillon;Philippines
650;FEMALE;317-406-6825;802 David Street;08 Hoard Terrace;Zhelin;China
651;OTHER;700-356-4431;4151 Thackeray Trail;6552 Emmet Drive;Pedamaran;Indonesia
652;FEMALE;320-241-8757;0 Dexter Parkway;312 Village Green Plaza;Ajung;Indonesia
653;MALE;601-957-3591;322 Stone Corner Way;8559 Cottonwood Parkway;Çepan;Albania
654;MALE;798-654-7117;6 Lotheville Drive;4 Mifflin Terrace;Bavorov;Czech Republic
655;OTHER;317-268-7445;0 Coolidge Place;6919 Gulseth Road;Zinat;Morocco
656;FEMALE;849-537-6418;6 Sachtjen Plaza;9 Buhler Pass;Gangdong;China
657;MALE;931-917-7507;8 Oak Parkway;50 Sutherland Avenue;Zhexiao;China
658;FEMALE;758-659-6693;69235 Center Center;5 Troy Center;Boevange-sur-Attert;Luxembourg
659;FEMALE;630-211-1469;0 Corscot Circle;361 Erie Hill;Shuangshan;China
660;FEMALE;151-845-6768;9 Del Mar Plaza;78557 Quincy Alley;Barurao;Philippines
661;OTHER;604-688-9091;0864 Basil Center;28 Judy Street;Jendouba;Tunisia
662;FEMALE;728-686-8671;70 Cascade Hill;29623 Mcguire Point;Sfax;Tunisia
663;MALE;788-514-3012;8 Kenwood Way;66 Oak Point;Sundsvall;Sweden
664;OTHER;567-971-5562;666 Rieder Circle;7 Dorton Street;Kosamphi Nakhon;Thailand
665;FEMALE;581-918-3079;3 Union Place;75793 Grayhawk Crossing;Trnovska Vas;Slovenia
666;OTHER;329-680-5917;80 Cordelia Alley;0 Ridgeview Drive;Além;Portugal
667;FEMALE;926-753-0488;7854 Starling Road;6 Golden Leaf Road;Burgos;Philippines
668;MALE;152-108-2762;0 Sauthoff Parkway;36 Sunbrook Parkway;Bol’shoye Selo;Russia
669;MALE;246-741-9070;01141 Shopko Circle;13 Haas Street;Chengzhong;China
670;OTHER;234-909-0647;3 Porter Avenue;431 Pankratz Circle;Klek;Serbia
671;MALE;539-195-4694;6933 Darwin Drive;943 Declaration Avenue;Sogod;Philippines
672;FEMALE;924-887-6632;924 Kipling Place;7 Vernon Junction;Milevsko;Czech Republic
673;OTHER;643-828-7757;98 Kenwood Court;17 Jay Road;Gadang;Indonesia
674;OTHER;866-326-7280;83 Buhler Crossing;083 Chinook Avenue;Novomyshastovskaya;Russia
675;FEMALE;218-749-2034;0 Crescent Oaks Park;284 Kedzie Center;Cali;Colombia
676;MALE;612-483-5382;5 Vahlen Pass;2 Raven Park;Yumbo;Colombia
677;FEMALE;743-768-7620;096 Northwestern Alley;60 Spohn Pass;Hamburg;Germany
678;OTHER;760-860-2377;2 Forest Way;07782 Blackbird Junction;Huoqiu Chengguanzhen;China
679;FEMALE;746-162-3511;3 Shelley Parkway;91141 Mayer Place;Pavlysh;Ukraine
680;MALE;273-527-4363;52 Prairieview Plaza;1 Golden Leaf Circle;Nynäshamn;Sweden
681;MALE;507-311-4843;598 Coleman Circle;23743 Redwing Crossing;Volosovo;Russia
682;FEMALE;597-103-7856;54 Jenna Court;29951 Rockefeller Park;Huixing;China
683;OTHER;460-972-1094;1724 Bay Way;683 Shoshone Point;Bantacan;Philippines
684;OTHER;251-597-2706;37 Lien Trail;09661 Fieldstone Lane;Lavia;Finland
685;MALE;433-830-3626;8245 Fair Oaks Alley;0 Mifflin Place;Urcos;Peru
686;OTHER;666-848-2245;14 Golf Course Trail;769 Fieldstone Lane;Tidili Mesfioua;Morocco
687;OTHER;947-894-5175;30828 Summit Park;6 Claremont Point;Lengkongjaya;Indonesia
688;OTHER;795-711-9601;80187 Little Fleur Road;54 Express Alley;Sainte-Anne-des-Monts;Canada
689;MALE;728-111-9703;57312 Glacier Hill Circle;4478 Meadow Ridge Road;Shuikou;China
690;FEMALE;691-327-9368;0 Eliot Street;51 Starling Hill;Kefang;China
691;OTHER;514-357-3577;3 Oak Center;04722 Lindbergh Point;Damatulan;Philippines
692;FEMALE;628-646-2477;6017 Mallard Park;22 4th Alley;Fort Liberté;Haiti
693;MALE;980-887-5783;605 Fallview Park;76299 Farwell Lane;Beiqiao;China
694;OTHER;247-414-6060;8 Spenser Street;6 Grayhawk Park;Haizhouwobao;China
695;OTHER;939-504-2745;534 Debra Alley;13355 Grover Junction;Manikchari;Bangladesh
696;MALE;909-786-9242;0 Hauk Point;50 Butterfield Street;Conner;Philippines
697;FEMALE;275-313-2564;89459 Division Terrace;7133 Melrose Circle;Novyye Kuz’minki;Russia
698;FEMALE;397-507-0412;74 Tomscot Junction;4 Texas Circle;Rakaia;New Zealand
699;FEMALE;814-411-2304;726 Little Fleur Lane;80159 Fremont Hill;les Escaldes;Andorra
700;MALE;690-981-5695;4603 Kings Street;38 Menomonie Court;Rijau;Nigeria
701;MALE;941-621-5921;6 Springview Alley;58 Carberry Parkway;Xitiangezhuang;China
702;FEMALE;319-178-2096;1 Cody Hill;26984 Manitowish Center;Vaasa;Finland
703;OTHER;738-528-0911;9 8th Street;89174 Autumn Leaf Drive;Guiuan;Philippines
704;MALE;248-438-7952;5115 Sutherland Avenue;7 Graceland Pass;Lam Sonthi;Thailand
705;MALE;364-512-3606;967 Hoffman Pass;154 Ohio Road;Xinquan;China
706;MALE;893-933-3726;8 Mitchell Place;32 Amoth Street;Polykárpi;Greece
707;MALE;713-567-7737;0 Barnett Way;87687 Kinsman Hill;Savé;Benin
708;MALE;384-712-1128;91808 Crownhardt Junction;06207 Paget Court;Boshi;China
709;MALE;915-421-5708;69488 Transport Trail;168 Fair Oaks Circle;San Mateo;Philippines
710;MALE;902-852-8158;7 Carioca Place;9 Forest Run Way;Łomża;Poland
711;FEMALE;624-638-6745;1542 2nd Court;4838 Swallow Alley;Salyan;Azerbaijan
712;MALE;981-684-5967;9326 Lukken Hill;0631 Sommers Lane;Fengshou;China
713;OTHER;248-832-2835;692 Eagan Point;66 La Follette Street;Farmington;United States
714;FEMALE;789-367-2129;9401 Sauthoff Pass;84 Vera Parkway;San Rafael;Mexico
715;FEMALE;602-203-5765;260 Green Ridge Court;74654 Washington Lane;Kamnica;Slovenia
716;FEMALE;741-690-1453;26 Sachs Junction;6 Caliangt Alley;Waina;China
717;MALE;642-905-6001;0 Mesta Crossing;0043 Clyde Gallagher Trail;Vilque Chico;Peru
718;FEMALE;162-737-4791;27 Maryland Drive;74889 Calypso Crossing;Būsh;Egypt
719;OTHER;802-247-4709;8 Union Terrace;9 Surrey Crossing;Linares;Chile
720;FEMALE;293-103-0556;4962 Vahlen Alley;8 Burning Wood Center;Cambas;Portugal
721;FEMALE;507-674-0568;074 Glendale Way;30467 Vidon Way;Strängnäs;Sweden
722;FEMALE;116-382-9213;589 Calypso Plaza;1550 Sunbrook Alley;Ogōri-shimogō;Japan
723;MALE;646-992-8640;63 Rockefeller Center;83273 Autumn Leaf Drive;Miaogou;China
724;MALE;317-722-8530;3411 Hooker Road;21 Eliot Pass;Futu;China
725;FEMALE;339-957-7107;11678 Stang Road;42824 Melrose Junction;Lazdijai;Lithuania
726;FEMALE;425-219-3755;5533 Stoughton Hill;2 Brickson Park Lane;Camilo Aldao;Argentina
727;OTHER;290-182-5841;239 Debs Street;2039 Pennsylvania Pass;Al Qurayshīyah;Yemen
728;OTHER;769-349-7810;52 Bunting Trail;32040 Park Meadow Road;Narvacan;Philippines
729;OTHER;934-364-4569;148 Lukken Drive;183 Amoth Circle;Plasy;Czech Republic
730;OTHER;292-342-2860;08840 Grasskamp Point;7 Comanche Hill;Pau;France
731;FEMALE;581-692-9324;4745 5th Drive;22 Spenser Place;Emmen;Netherlands
732;OTHER;986-241-8858;2583 Graceland Way;0650 Paget Drive;Nueva Loja;Ecuador
733;MALE;119-903-2019;90482 Little Fleur Terrace;91 Bonner Place;Lukou;China
734;MALE;294-386-1486;15417 Katie Plaza;8321 Mayer Center;Malanów;Poland
735;FEMALE;413-402-8720;1782 Jenna Junction;6605 Gina Pass;Anju;North Korea
736;FEMALE;742-173-8556;4393 1st Trail;8167 3rd Lane;Kuala Pilah;Malaysia
737;OTHER;120-343-4160;7 Dorton Road;2 4th Way;Wiset Chaichan;Thailand
738;OTHER;875-116-8907;9699 Leroy Hill;556 Glendale Alley;Ayang-ni;North Korea
739;FEMALE;273-231-5413;22 Sheridan Road;9 Shoshone Hill;Calvário;Portugal
740;OTHER;191-690-6632;2 Hayes Place;504 Bobwhite Street;Santa Inês;Brazil
741;FEMALE;277-101-5128;932 Nova Way;069 Sugar Court;Tucupido;Venezuela
742;FEMALE;594-455-7557;092 Talisman Way;11 Pankratz Street;Dunhao;China
743;MALE;991-601-9724;89 Cardinal Point;7763 Dixon Court;Groznyy;Russia
744;MALE;535-495-0607;402 Farragut Street;7404 Randy Road;António Enes;Mozambique
745;MALE;543-891-0319;32 6th Trail;4667 Merrick Junction;Banjar Tengah;Indonesia
746;OTHER;916-324-0540;1 Warbler Park;414 Melby Street;Poitiers;France
747;MALE;818-353-9670;197 Sutteridge Trail;07 Farmco Alley;Västervik;Sweden
748;OTHER;673-102-8572;3569 Susan Trail;05 Continental Terrace;Chum Phae;Thailand
749;FEMALE;990-963-7676;3338 Laurel Drive;1954 Brown Drive;‘Abs;Yemen
750;FEMALE;552-987-8699;90 Emmet Place;28935 Burrows Point;Ambar;Peru
751;OTHER;406-541-1358;438 East Pass;5352 4th Center;Filiatrá;Greece
752;MALE;818-801-0373;8610 Logan Lane;68 Shoshone Road;Los Angeles;United States
753;MALE;290-769-4344;3912 Meadow Ridge Avenue;52854 Melrose Court;Zebrzydowice;Poland
754;FEMALE;946-866-4944;340 Vidon Drive;4975 Clove Drive;Borovlyany;Belarus
755;OTHER;385-895-1569;07 Holy Cross Plaza;07 Bluestem Circle;Castlepollard;Ireland
756;MALE;661-602-6362;24470 Grasskamp Plaza;90 Heffernan Park;Żabbar;Malta
757;OTHER;881-604-5483;38730 Bartelt Trail;523 Cherokee Drive;Sainte-Martine;Canada
758;MALE;157-930-1980;60 2nd Crossing;5 Holmberg Crossing;Bagé;Brazil
759;OTHER;745-955-6296;854 Namekagon Point;931 Fuller Parkway;Bocowanti;Indonesia
760;OTHER;596-144-9427;992 Melrose Drive;0 Division Point;Vysokovsk;Russia
761;MALE;392-131-8226;30857 Sachs Park;40632 Lakewood Crossing;Kabare;Indonesia
762;MALE;938-824-6175;486 Dakota Park;178 Lukken Way;Moussoro;Chad
763;FEMALE;774-503-7272;9 Elka Street;9700 Warbler Junction;Tanahmerah;Indonesia
764;MALE;804-260-7527;07 Elka Alley;92 Morningstar Park;Birsa;Indonesia
765;OTHER;905-615-7535;06414 Hanover Trail;54941 Twin Pines Avenue;Masis;Armenia
766;MALE;329-778-6752;0414 Linden Road;3 Bunker Hill Parkway;Nangakeo;Indonesia
767;MALE;993-370-0593;85583 Barby Pass;48 Dayton Park;São Martinho de Árvore;Portugal
768;FEMALE;102-395-0590;47305 Westerfield Lane;428 Talisman Place;Shangtuhai;China
769;OTHER;862-920-7826;114 Basil Avenue;19 Riverside Center;Ra-ngae;Thailand
770;OTHER;683-744-2397;42 Bunker Hill Road;39244 Manufacturers Drive;Creil;France
771;MALE;760-747-1615;15 Jackson Drive;847 Pawling Trail;Maraial;Brazil
772;FEMALE;245-620-8779;65793 Drewry Alley;12318 7th Hill;Rego de Água;Portugal
773;OTHER;743-614-8875;5757 Carpenter Parkway;2 Thackeray Point;Khon Buri;Thailand
774;MALE;888-376-6359;2 Doe Crossing Point;51281 Hoffman Lane;Kryevidh;Albania
775;OTHER;669-158-7643;8761 Ilene Place;13 Linden Drive;San José;Guatemala
776;FEMALE;210-381-9550;7959 Fisk Crossing;051 Bonner Street;Goodlands;Mauritius
777;FEMALE;241-293-8712;1 Gina Way;9 Sutteridge Avenue;Lhasa;China
778;MALE;230-430-4700;5212 Sullivan Circle;13936 Crest Line Street;Hyesan-dong;North Korea
779;OTHER;875-863-3320;0 Park Meadow Street;40137 Claremont Center;Karpogory;Russia
780;MALE;582-549-6999;03041 Clarendon Trail;80 Washington Center;Boliden;Sweden
781;OTHER;561-310-6207;7 Burning Wood Circle;577 Sauthoff Center;Boca Raton;United States
782;FEMALE;683-127-6847;188 Doe Crossing Terrace;80 Nevada Terrace;Manzil Bū Zalafah;Tunisia
783;OTHER;389-901-9717;51 Leroy Drive;3096 Southridge Point;Gaojingzhuang;China
784;MALE;226-839-1148;4617 Harper Lane;137 Oneill Point;Limoges;France
785;MALE;762-721-3156;9 1st Circle;89 Kipling Lane;Vicuña Mackenna;Argentina
786;MALE;982-162-4786;732 Forest Dale Road;0370 Ronald Regan Drive;Shebekino;Russia
787;MALE;942-474-2665;562 Colorado Avenue;63602 Melrose Street;Gines-Patay;Philippines
788;MALE;776-101-7217;6 Westridge Circle;5 Garrison Road;Gouyan;China
789;MALE;520-426-6510;104 Towne Trail;903 Susan Street;Aragarças;Brazil
790;OTHER;905-990-6941;64943 Westridge Hill;5687 Nevada Street;Xiejiaya;China
791;MALE;624-518-4390;86 Jenna Plaza;19 Arkansas Street;San Juan de Limay;Nicaragua
792;MALE;522-806-8000;778 Grover Lane;73492 Summer Ridge Way;Yuxi;China
793;FEMALE;342-766-5012;6842 Nancy Alley;8097 Crest Line Lane;Yunxi;China
794;OTHER;978-210-6887;9 Elka Drive;5111 Carey Hill;Timur;Indonesia
795;FEMALE;510-148-3045;5 Old Shore Trail;02 Nancy Pass;Tangjiapo;China
796;FEMALE;881-710-2666;6720 Petterle Parkway;334 Elka Court;Kotido;Uganda
797;FEMALE;773-897-8106;203 Spohn Pass;20 Mosinee Lane;Kagal’nitskaya;Russia
798;MALE;259-992-1282;56 Claremont Way;9351 Reindahl Crossing;Szklarska Poręba;Poland
799;MALE;182-770-1093;48 Graceland Way;6763 Bellgrove Junction;Bakau;Indonesia
800;OTHER;984-786-7601;691 Vernon Street;297 Nelson Alley;Pantang;China
801;FEMALE;255-631-6482;33962 Vidon Pass;2569 Maywood Pass;Lanlongkou;China
802;OTHER;128-226-0827;96 Sherman Terrace;0 Talmadge Avenue;Tyszowce;Poland
803;OTHER;189-148-0379;0496 Union Point;5997 Hermina Hill;Mawu;China
804;FEMALE;456-760-4727;4 Pankratz Trail;5924 Orin Road;Leijiadian;China
805;OTHER;768-986-6824;40 American Circle;6799 Bluestem Road;Ciburial;Indonesia
806;FEMALE;547-945-6289;3 Little Fleur Crossing;381 Mesta Circle;Güines;Cuba
807;OTHER;761-539-3061;03 Lighthouse Bay Park;9 Rowland Center;Pavino;Russia
808;OTHER;405-589-3521;66 Daystar Avenue;307 International Lane;Anshun;China
809;OTHER;715-549-1291;85 Del Sol Circle;6222 Lyons Trail;Tržič;Slovenia
810;MALE;756-838-5698;22 Bartelt Pass;27 Blue Bill Park Street;Mangkon Daja;Indonesia
811;OTHER;570-524-1158;47 Anhalt Terrace;006 Arrowood Pass;Caleta Olivia;Argentina
812;MALE;791-370-3030;59635 Golden Leaf Parkway;97 Forster Park;Thanh Ba;Vietnam
813;FEMALE;431-749-8189;6299 Di Loreto Circle;86 Pond Pass;Vũ Quang;Vietnam
814;OTHER;200-514-3165;2 Vidon Crossing;6076 Tennyson Park;Bayangol;Russia
815;MALE;547-776-7675;13 Elka Crossing;7214 Anzinger Center;Purwokerto;Indonesia
816;MALE;292-150-2124;4 Ruskin Pass;2835 Hudson Terrace;Margos;Philippines
817;MALE;625-868-9459;4515 Springview Road;7 Mesta Plaza;Vårby;Sweden
818;FEMALE;855-381-2431;07 Northridge Alley;0 Bluejay Court;Wenchi;Ghana
819;OTHER;929-541-3050;232 Di Loreto Court;54 Goodland Plaza;Pigí;Greece
820;OTHER;472-632-1466;9053 Moose Terrace;723 West Way;Silvares;Portugal
821;MALE;972-597-3767;93 Mendota Court;88 Sunnyside Street;Bolorejo;Indonesia
822;OTHER;160-603-2968;609 Springs Junction;44650 Nancy Drive;Kula;Serbia
823;FEMALE;192-527-8026;2611 Lindbergh Road;8629 Messerschmidt Drive;Zherdevka;Russia
824;FEMALE;111-214-4248;88863 Lotheville Way;3 Melrose Crossing;Markaryd;Sweden
825;OTHER;398-452-7516;19 Esch Plaza;09 Ronald Regan Lane;Tafraout;Morocco
826;OTHER;416-425-0452;065 Mayer Street;081 Golf View Plaza;Paranaguá;Brazil
827;MALE;170-514-3814;0166 Goodland Parkway;0 Lukken Pass;Caoxi;China
828;MALE;136-699-5671;40211 Northfield Alley;526 Independence Alley;Bagansiapiapi;Indonesia
829;OTHER;935-548-8042;72 Crowley Place;2 Daystar Plaza;Boyany;Ukraine
830;MALE;936-733-3694;91383 Coolidge Lane;03 American Ash Street;El Carmen de Bolívar;Colombia
831;FEMALE;555-914-9731;42 Forest Dale Park;66402 Dapin Plaza;Danao;Philippines
832;MALE;495-867-4531;85826 Vermont Avenue;781 Fairfield Parkway;Hot;Albania
833;MALE;137-537-6319;83772 Fallview Lane;891 Badeau Terrace;Krapyak Kidul;Indonesia
834;MALE;813-286-4740;3 Commercial Way;36090 Pierstorff Park;Zhongluotan;China
835;MALE;928-339-9833;075 Brentwood Hill;06 Fremont Crossing;Peoria;United States
836;FEMALE;831-344-9735;05 John Wall Parkway;64 Cordelia Park;Prapen;Indonesia
837;MALE;461-480-7742;55001 Brickson Park Park;3014 Dottie Pass;Lagoa;Portugal
838;FEMALE;147-638-9977;8142 Mifflin Way;2054 Stoughton Crossing;Mosal’sk;Russia
839;FEMALE;439-317-2258;4769 Warrior Way;504 Darwin Avenue;Ujungpangkah;Indonesia
840;OTHER;397-256-4087;90 Porter Place;3570 Pepper Wood Park;Skellefteå;Sweden
841;MALE;666-439-7673;74 Portage Center;8 Waxwing Street;Proástion;Greece
842;MALE;344-395-8697;7 Packers Pass;46 Little Fleur Trail;Rovnoye;Russia
843;OTHER;551-430-9449;1820 Morrow Street;31 Marquette Avenue;Cheb;Czech Republic
844;OTHER;435-393-7437;57883 Erie Center;95 New Castle Street;Pardubice;Czech Republic
845;OTHER;603-252-6985;3638 Blaine Center;999 Hayes Trail;Tall Abyaḑ;Syria
846;FEMALE;810-147-5698;20 Fremont Junction;0 Sage Pass;Kobilje;Slovenia
847;FEMALE;641-184-1669;355 Westridge Place;72469 Artisan Point;Ruangwa;Tanzania
848;MALE;966-644-3329;44762 Scofield Road;354 Michigan Park;Kertamukti;Indonesia
849;OTHER;630-359-0614;7125 Daystar Drive;9 Talmadge Lane;Hatavch;Mongolia
850;MALE;246-693-3413;4188 Holmberg Crossing;16 Green Ridge Pass;Kaniv;Ukraine
851;FEMALE;663-573-7590;19 Linden Avenue;787 Melvin Hill;Hebi;China
852;MALE;309-442-3165;97 Thompson Point;2620 Graedel Avenue;Nianyushan;China
853;MALE;759-880-3550;590 Kenwood Terrace;09838 Michigan Alley;Zaragoza;Mexico
854;MALE;465-335-6715;71 Dottie Court;3 Mcbride Center;Cầu Giấy;Vietnam
855;MALE;282-219-2294;250 Anniversary Center;86 Granby Circle;Uničov;Czech Republic
856;FEMALE;880-197-2261;96 Fallview Way;7 Killdeer Hill;Quisqueya;Dominican Republic
857;OTHER;480-245-9769;1847 Troy Avenue;94474 Londonderry Terrace;Kose;Estonia
858;FEMALE;879-908-0455;884 5th Trail;743 Oriole Trail;Wedoro;Indonesia
859;MALE;346-862-6093;46689 Aberg Court;96635 Dryden Road;Giesteira;Portugal
860;FEMALE;291-719-7467;87 Gateway Road;36 Aberg Plaza;Anambongan;Philippines
861;MALE;668-856-7003;95 Oxford Street;563 Sunnyside Avenue;Guoduwan;China
862;MALE;369-199-3329;06 Arrowood Road;72909 Heath Circle;Buaran;Indonesia
863;OTHER;687-361-7715;54 Onsgard Crossing;2 Birchwood Place;Alfonso;Philippines
864;OTHER;804-293-8969;6 Colorado Crossing;37 Sunbrook Point;Lagoaça;Portugal
865;OTHER;727-209-8656;76 Barnett Pass;20296 Karstens Park;Saint Petersburg;United States
866;MALE;363-330-3895;5327 Hallows Center;22372 Pennsylvania Street;Madrid;Spain
867;OTHER;922-422-7590;1926 Graceland Crossing;6 Debra Plaza;Kaoma;Zambia
868;FEMALE;865-929-8707;1289 Utah Park;287 Schiller Court;Knoxville;United States
869;OTHER;400-328-4810;0 Gerald Street;20 Ruskin Junction;San Sebastian;Mexico
870;FEMALE;584-293-4224;83000 Coolidge Plaza;2 Cottonwood Crossing;Novikovo;Russia
871;OTHER;166-919-8946;8751 Fuller Parkway;301 Elmside Place;Valladolid;Spain
872;FEMALE;302-462-4714;4984 Michigan Hill;5448 Laurel Court;Jiamachi;China
873;FEMALE;670-525-3350;4 Kropf Court;84 Eagan Place;Quinjalca;Peru
874;OTHER;885-427-8533;7 Farragut Avenue;1677 Tomscot Trail;Aurora;Philippines
875;OTHER;672-743-7092;01525 Towne Trail;3803 Judy Street;Huanggu;China
876;OTHER;130-172-3350;06 Bultman Junction;261 Fair Oaks Center;Adil Makmur;Indonesia
877;OTHER;542-511-0858;7184 Goodland Crossing;6915 Larry Lane;Kurjan;Albania
878;OTHER;139-812-8425;6066 Golden Leaf Crossing;76113 Kensington Terrace;Villamontes;Bolivia
879;FEMALE;483-186-9736;04316 Graceland Crossing;74509 Talmadge Terrace;Dianzi;China
880;MALE;182-930-8543;01 Miller Street;721 Ronald Regan Place;Loakulu;Indonesia
881;OTHER;559-217-2131;086 Marcy Alley;6 Stone Corner Court;Jojoima;Sierra Leone
882;FEMALE;159-824-4907;75878 Dahle Crossing;1806 Esch Place;Cuamba;Mozambique
883;FEMALE;583-601-4705;98335 Carpenter Terrace;623 Upham Street;Tungguwaneng;Indonesia
884;FEMALE;290-283-2367;04523 Westend Avenue;526 Division Trail;Diadi;Philippines
885;FEMALE;891-153-5342;5653 Thompson Terrace;55580 Hauk Place;Candelária;Portugal
886;FEMALE;966-755-1502;0 Oakridge Terrace;149 Messerschmidt Avenue;Kampungsusah;Indonesia
887;MALE;500-800-4704;9438 Tennyson Drive;9 Sycamore Parkway;Kvasy;Ukraine
888;FEMALE;947-499-3429;9418 Evergreen Terrace;62 Kenwood Park;Ji’ergele Teguoleng;China
889;OTHER;353-569-7568;1 Express Alley;7 Nelson Circle;Zafar;Uzbekistan
890;OTHER;706-515-0302;69 Dorton Trail;38 Mccormick Place;Cibolang;Indonesia
891;FEMALE;182-969-6955;02479 Stone Corner Trail;4966 Buell Park;Ponte;Portugal
892;FEMALE;973-279-9591;191 Iowa Pass;8571 Kenwood Court;Bela Vista;Brazil
893;MALE;276-853-6043;4 Londonderry Way;058 Gateway Street;Kayukembang;Indonesia
894;OTHER;507-498-9332;8 Union Circle;54155 Thackeray Junction;Bagorejo;Indonesia
895;OTHER;344-472-3769;38103 Red Cloud Terrace;300 Dwight Street;Kowang Utara;Indonesia
896;OTHER;786-473-6130;55 Washington Plaza;26022 Golf Course Avenue;Shangyanzhuang;China
897;OTHER;366-354-0888;5664 Arizona Point;4 Russell Plaza;Candelaria;Argentina
898;MALE;183-658-5579;0 Veith Road;9 Welch Circle;Xazgat;China
899;FEMALE;162-442-7360;42630 Granby Terrace;53 Lakewood Avenue;Ḏânan;Djibouti
900;OTHER;211-429-1621;8 Stang Place;6 Bultman Park;Ili;Indonesia
901;MALE;823-176-5400;20 Anhalt Terrace;226 Jenifer Terrace;Bjärred;Sweden
902;FEMALE;576-565-6361;23170 Memorial Lane;354 Mosinee Junction;Joaçaba;Brazil
903;OTHER;188-213-6818;0 Melrose Pass;82 Continental Hill;Bella Vista;Paraguay
904;OTHER;649-944-3928;56472 Arrowood Circle;5190 Butternut Avenue;Indralayang;Indonesia
905;MALE;685-931-5091;828 Manufacturers Circle;0180 Arrowood Terrace;Kitapak;Philippines
906;MALE;941-874-3010;6 Veith Drive;7 Hayes Way;Xuedian;China
907;FEMALE;811-704-4619;3573 Dwight Lane;0767 7th Lane;Caparrapí;Colombia
908;OTHER;322-328-6094;3 Mcbride Way;19239 Hermina Alley;Sumberejo;Indonesia
909;MALE;939-580-2028;49565 Miller Pass;204 Service Crossing;Qianjin;China
910;FEMALE;317-762-0381;15 Jenna Center;18 Bay Way;Cedynia;Poland
911;MALE;895-926-7621;67875 Maple Hill;5 Evergreen Junction;Sardasht;Iran
912;MALE;998-297-6011;3 Loftsgordon Street;052 Prairie Rose Trail;Otoka;Bosnia and Herzegovina
913;FEMALE;505-567-7935;07511 Bayside Street;4839 Hauk Hill;Heshang;China
914;MALE;776-125-5105;07661 Kipling Center;09708 Bluestem Center;Tangzhai;China
915;FEMALE;317-249-1929;8500 Moulton Point;9 Mallory Court;Burns Lake;Canada
916;MALE;502-492-4987;2913 Stephen Park;44 Eagle Crest Court;Louisville;United States
917;FEMALE;599-392-7792;9 Annamark Circle;7 Beilfuss Crossing;Lumbac;Philippines
918;FEMALE;673-242-2786;576 Jay Street;7 Homewood Street;Shchelkovo;Russia
919;FEMALE;276-606-1799;482 Oxford Terrace;38 Monica Trail;Södertälje;Sweden
920;FEMALE;914-258-8632;03527 Mosinee Park;53 Cherokee Crossing;Qinglin;China
921;MALE;364-709-1887;3 Gerald Court;4 Maywood Road;Puerto Natales;Chile
922;FEMALE;222-891-2900;1 Randy Court;26 Arizona Crossing;Burqah;Palestinian Territory
923;OTHER;999-194-6747;4 Derek Circle;921 Meadow Valley Avenue;Chunjing;China
924;MALE;201-105-2601;18878 Rowland Trail;4036 Red Cloud Junction;Arboleda;Colombia
925;MALE;330-437-3068;04 Sutteridge Avenue;0747 Lerdahl Alley;Gwangjeok;South Korea
926;OTHER;951-841-3077;25 Armistice Terrace;079 Hermina Place;Berkovitsa;Bulgaria
927;MALE;253-999-8461;7076 Farwell Road;9 Forest Dale Hill;Cikondang;Indonesia
928;FEMALE;232-586-9718;065 West Place;782 Debs Alley;Chuanxi;China
929;FEMALE;139-982-4073;632 Starling Plaza;79 Main Junction;Eido;Portugal
930;MALE;552-455-2413;0 Union Lane;76221 Debs Center;Nanmu;China
931;OTHER;893-309-4723;1 Packers Park;9 Menomonie Pass;Cotia;Brazil
932;MALE;559-258-1749;7 Spaight Circle;8748 Reindahl Pass;Rosso;Mauritania
933;FEMALE;838-194-7255;149 Anderson Avenue;1 Crescent Oaks Terrace;Pukë;Albania
934;MALE;984-189-1795;23596 Burning Wood Drive;4437 Service Alley;Kahabe;Indonesia
935;OTHER;989-674-2390;84 Killdeer Junction;985 Rigney Avenue;Fovissste;Mexico
936;OTHER;347-882-4978;6 Monterey Pass;378 Sunfield Parkway;Krasae Sin;Thailand
937;MALE;301-989-5601;19383 Summerview Drive;67 Crest Line Hill;Shengli;China
938;OTHER;568-998-6866;85844 Marquette Lane;9 Maple Wood Junction;Santa Maria;Mexico
939;MALE;160-217-5365;38076 Brickson Park Point;0174 Derek Crossing;Zall-Dardhë;Albania
940;MALE;737-803-6097;3 Atwood Way;57258 Ridgeview Street;Starobachaty;Russia
941;MALE;456-654-4407;763 Washington Junction;1 Manley Way;Mapiri;Bolivia
942;MALE;777-139-1898;7179 Southridge Way;5 Kim Avenue;Florencia;Colombia
943;OTHER;417-828-7220;368 Golf View Center;618 Morning Center;Skorogoszcz;Poland
944;MALE;410-260-8912;084 Sycamore Hill;5153 Arrowood Pass;Maych’ew;Ethiopia
945;OTHER;213-737-3970;5118 Moland Terrace;9532 Stang Place;Datangzhuang;China
946;MALE;423-419-7537;02 Buena Vista Drive;50064 7th Street;Fengtai;China
947;FEMALE;541-308-6990;563 Pond Way;52 Sloan Center;Anda;Philippines
948;FEMALE;885-319-7147;29 Lien Hill;4 Darwin Avenue;Grenoble;France
949;MALE;392-662-1009;38665 Ryan Terrace;1193 Fair Oaks Avenue;Bagé;Brazil
950;MALE;198-639-2578;8 Schurz Hill;805 Anhalt Lane;Baini;China
951;OTHER;269-562-7862;923 Lindbergh Parkway;79790 Shoshone Avenue;Wang Hin;Thailand
952;FEMALE;415-397-5599;9345 Main Lane;69 Sloan Road;Sępólno Krajeńskie;Poland
953;FEMALE;190-274-4762;50101 Claremont Crossing;5 Westerfield Point;Yushang;China
954;OTHER;215-669-8800;6 Chinook Terrace;41 Twin Pines Road;Pointe-Noire;Republic of the Congo
955;OTHER;976-174-5776;4943 Pawling Point;0593 Stoughton Crossing;Nowy Sącz;Poland
956;OTHER;359-758-9368;83476 Hoard Way;60 Meadow Valley Road;Xinfang;China
957;MALE;651-476-9767;6876 Upham Alley;79 Hintze Lane;Sloboda;Russia
958;OTHER;334-170-3817;0849 Summerview Parkway;7 Merry Trail;Vozuća;Bosnia and Herzegovina
959;MALE;561-614-6197;9198 Maple Wood Terrace;5195 Loeprich Alley;Tutong;Brunei
960;MALE;360-459-8276;5 Ronald Regan Plaza;3 Pine View Plaza;Seremban;Malaysia
961;MALE;858-865-6861;31 Bobwhite Terrace;2231 Homewood Center;Al Mālikīyah;Syria
962;OTHER;413-368-6996;817 Crowley Plaza;3314 Clemons Terrace;Dikirnis;Egypt
963;OTHER;497-160-6397;8701 Thackeray Street;2 West Street;Tours;France
964;FEMALE;486-539-3592;4 Grayhawk Avenue;21 Southridge Point;Ulaanbaatar;Mongolia
965;OTHER;131-262-2710;334 3rd Road;09851 Mccormick Center;Zhusha;China
966;FEMALE;531-254-4774;9435 Troy Place;451 Eastlawn Park;Mladá Boleslav;Czech Republic
967;OTHER;655-602-7440;97 Colorado Place;93852 Basil Center;Nishishinminato;Japan
968;MALE;360-103-4995;751 Charing Cross Street;980 Marquette Place;Ravne;Slovenia
969;MALE;752-698-1238;0 Hintze Center;3743 Warrior Park;Altavista;Mexico
970;OTHER;154-407-6781;15549 Sage Pass;59247 Dapin Alley;Limoeiro do Norte;Brazil
971;FEMALE;733-206-1458;75 Kedzie Center;197 Merrick Park;Cagnes-sur-Mer;France
972;OTHER;268-166-3826;4544 Ryan Way;69013 Farwell Plaza;Fak Tha;Thailand
973;OTHER;267-729-9170;638 Walton Way;2 Ruskin Drive;Shangtianba;China
974;FEMALE;673-836-0924;13 Knutson Pass;66 Stuart Court;Kŭrdzhali;Bulgaria
975;FEMALE;923-771-7155;67 Dwight Court;56 Sutherland Alley;Santa Fe;Philippines
976;OTHER;647-148-4537;194 Logan Street;474 Cottonwood Road;Chuncheon;South Korea
977;OTHER;834-953-4028;4 Amoth Pass;16 Blue Bill Park Crossing;Otutara;French Polynesia
978;FEMALE;994-889-5211;66656 Ridge Oak Court;58 6th Drive;Thị Trấn Phong Thổ;Vietnam
979;FEMALE;620-835-8983;0376 Sullivan Junction;85 Northview Plaza;Jombang;Indonesia
980;OTHER;102-474-6131;36 Waywood Hill;319 4th Pass;Kostakioí;Greece
981;MALE;106-159-7642;11 Lakewood Drive;859 Spaight Point;Acopampa;Peru
982;OTHER;507-561-6509;59390 Monica Lane;0 Golf Course Hill;Khadīr;Afghanistan
983;MALE;239-738-7547;33822 Delaware Terrace;19659 7th Junction;San Eduardo;Philippines
984;OTHER;557-490-9166;77 Rowland Center;1618 Green Ridge Junction;Phitsanulok;Thailand
985;FEMALE;826-993-5839;030 Almo Junction;4007 Old Shore Drive;Huaniao;China
986;MALE;912-516-9768;7 Arrowood Alley;2 Welch Circle;Kumane;Serbia
987;FEMALE;626-731-6877;4 Kipling Way;514 Waywood Terrace;Guayaquil;Ecuador
988;OTHER;883-980-3795;2 Parkside Alley;193 Sullivan Road;Trzciana;Poland
989;OTHER;857-758-1810;7124 Bowman Avenue;59013 Emmet Alley;Shakīso;Ethiopia
990;MALE;901-444-1736;926 Melrose Place;9 Jackson Circle;Palencia;Spain
991;OTHER;967-156-1084;8444 Ilene Plaza;757 Blackbird Street;Meukek;Indonesia
992;OTHER;670-313-8291;549 Dunning Alley;04 International Point;Nantes;France
993;FEMALE;100-369-9913;002 Blackbird Terrace;9898 American Circle;Moravský Písek;Czech Republic
994;FEMALE;646-476-3968;8000 Miller Hill;2 Tomscot Center;Munse;Indonesia
995;MALE;840-690-9799;185 Del Sol Lane;8 Buhler Street;Jinping;China
996;MALE;934-506-8838;91 Springs Park;52 Forster Point;Manhete;Portugal
997;FEMALE;766-612-4138;1 Weeping Birch Drive;006 Bayside Road;Jincun;China
998;FEMALE;175-946-3395;62170 Columbus Park;199 Hallows Terrace;San Francisco;Mexico
999;OTHER;514-766-6083;85 Northland Street;644 Emmet Center;Xijiao;China
1000;MALE;734-152-3057;1 Express Lane;23 La Follette Alley;Issy-les-Moulineaux;France
